Replicate,Plate,Group,Sample,Count,median,peak,sd,cv,rCV
Rep1-0Pi-Ctrl,d072421-0min-0Pi-M4S7-R1,0min,A1,17787,5385,6803,4836.43,71.43,59.06
Rep1-0Pi-Ctrl,d072421-0min-0Pi-M4S7-R1,0min,A2,17485,2428,4792,2422.66,79.61,61.55
Rep1-0Pi-Ctrl,d072421-0min-0Pi-M4S7-R1,0min,A3,17604,5564,6144,4596.13,67.36,57.22
Rep1-0Pi-Ctrl,d072421-0min-0Pi-M4S7-R1,0min,A4,17075,2578,3547,2361.1,74.86,58.54
Rep1-0Pi-Ctrl,d072421-0min-0Pi-M4S7-R1,0min,B1,17336,5366,6809,3731.64,59.77,51.83
Rep1-0Pi-Ctrl,d072421-0min-0Pi-M4S7-R1,0min,B2,17165,2429,2978,2090.79,70.22,61.46
Rep1-0Pi-Ctrl,d072421-0min-0Pi-M4S7-R1,0min,B3,17218,5562,6909,3529.42,55.61,48.5
Rep1-0Pi-Ctrl,d072421-0min-0Pi-M4S7-R1,0min,B4,17591,2661,3683,1972.94,62.9,56.05
Rep1-0Pi-Ctrl,d072421-0min-0Pi-M4S7-R1,0min,C1,17444,4407,4850,2828.5,56.49,52.91
Rep1-0Pi-Ctrl,d072421-0min-0Pi-M4S7-R1,0min,C3,17989,4441,5228,2682.7,53.81,49.31
Rep1-0Pi-Ctrl,d072421-0min-0Pi-M4S7-R1,0min,D1,18303,4343,4428,2754.03,56.1,51.48
Rep1-0Pi-Ctrl,d072421-0min-0Pi-M4S7-R1,0min,D3,18118,4331,4681,2758.08,56.26,51.64
Rep1-0Pi-Ctrl,d072421-0min-0Pi-M4S7-R1,0min,E1,17656,4420,5571,2880.69,57.16,52.73
Rep1-0Pi-Ctrl,d072421-0min-0Pi-M4S7-R1,0min,E3,18202,4433,5811,2756.02,55.14,50.49
Rep1-0Pi-Ctrl,d072421-0min-0Pi-M4S7-R1,0min,F1,17776,2913,4971,3495.53,86.7,64.87
Rep1-0Pi-Ctrl,d072421-0min-0Pi-M4S7-R1,0min,F3,17241,3148,5223,3410.43,81.86,61.27
Rep1-0Pi-Ctrl,d072421-0min-0Pi-M4S7-R1,0min,G1,17641,3218,4908,3793.39,85.44,66.39
Rep1-0Pi-Ctrl,d072421-0min-0Pi-M4S7-R1,0min,G3,17485,3378,4845,3797.45,83.51,62.5
Rep1-0Pi-Ctrl,d072421-0min-0Pi-M4S7-R1,0min,H1,16655,3214,5729,3704.56,84.53,65.18
Rep1-0Pi-Ctrl,d072421-0min-0Pi-M4S7-R1,0min,H3,17459,3548,3424,3670.02,79.38,60.34
Rep1-0Pi-Ctrl,d072421-0min-0Pi-M4S7-R1,0min,C2,17210,2657,4020,2631.23,80.19,57.86
Rep1-0Pi-Ctrl,d072421-0min-0Pi-M4S7-R1,0min,C4,16602,2848,3682,2819.01,81.33,54.71
Rep1-H2O2-Rep2-0Pi,d072721-0min-0Pi-M4S7-R2,0min,A1,16342,7516,8400,4805.46,55.34,49.43
Rep1-H2O2-Rep2-0Pi,d072721-0min-0Pi-M4S7-R2,0min,A2,17053,2938,4145,2493.79,69.74,54.95
Rep1-H2O2-Rep2-0Pi,d072721-0min-0Pi-M4S7-R2,0min,A3,17658,7893,8252,4868.33,53.9,49.51
Rep1-H2O2-Rep2-0Pi,d072721-0min-0Pi-M4S7-R2,0min,A4,18561,3254,4021,2496.69,64.62,51.62
Rep1-H2O2-Rep2-0Pi,d072721-0min-0Pi-M4S7-R2,0min,B1,17611,7970,8110,4719.51,52.29,45.98
Rep1-H2O2-Rep2-0Pi,d072721-0min-0Pi-M4S7-R2,0min,B2,17250,3113,3252,2126.42,58.67,51.47
Rep1-H2O2-Rep2-0Pi,d072721-0min-0Pi-M4S7-R2,0min,B3,17061,8310,8392,4778.81,50.94,44.12
Rep1-H2O2-Rep2-0Pi,d072721-0min-0Pi-M4S7-R2,0min,B4,16630,3336,4281,2001.81,52.69,48.58
Rep1-H2O2-Rep2-0Pi,d072721-0min-0Pi-M4S7-R2,0min,C1,17969,4940,5090,2760.82,50.04,46.64
Rep1-H2O2-Rep2-0Pi,d072721-0min-0Pi-M4S7-R2,0min,C3,17399,5038,5968,2735.78,48.88,44.61
Rep1-H2O2-Rep2-0Pi,d072721-0min-0Pi-M4S7-R2,0min,D1,16625,4970,6056,2728.05,49.4,45.01
Rep1-H2O2-Rep2-0Pi,d072721-0min-0Pi-M4S7-R2,0min,D3,16501,5151,5814,2750.91,48.13,43.95
Rep1-H2O2-Rep2-0Pi,d072721-0min-0Pi-M4S7-R2,0min,E1,16459,5174,5972,2813.86,49.06,45.25
Rep1-H2O2-Rep2-0Pi,d072721-0min-0Pi-M4S7-R2,0min,E3,16255,5234,5508,2791.47,47.99,44.27
Rep1-H2O2-Rep2-0Pi,d072721-0min-0Pi-M4S7-R2,0min,F1,15858,4861,6424,4731.89,77.1,63.2
Rep1-H2O2-Rep2-0Pi,d072721-0min-0Pi-M4S7-R2,0min,F3,17399,5108,6416,4489.75,70.62,58.51
Rep1-H2O2-Rep2-0Pi,d072721-0min-0Pi-M4S7-R2,0min,G1,17167,4676,5027,3814.67,66.72,58.02
Rep1-H2O2-Rep2-0Pi,d072721-0min-0Pi-M4S7-R2,0min,G3,0,NA,NA,NA,NA,NA
Rep1-H2O2-Rep2-0Pi,d072721-0min-0Pi-M4S7-R2,0min,H1,16280,4487,5096,3609.44,66.09,58.65
Rep1-H2O2-Rep2-0Pi,d072721-0min-0Pi-M4S7-R2,0min,H3,16854,4795,6140,3673.36,63.35,55.13
Rep1-H2O2-Rep2-0Pi,d072721-0min-0Pi-M4S7-R2,0min,C2,16939,2927,3715,2747.44,75.04,55.62
Rep1-H2O2-Rep2-0Pi,d072721-0min-0Pi-M4S7-R2,0min,C4,16089,3161,4473,2631.27,68.41,52.48
Rep2-H2O2-Rep3-0Pi,d080421-0min-0Pi-M4S7-R3,0min,A1,16675,7453,8840,4672.06,54.74,49.65
Rep2-H2O2-Rep3-0Pi,d080421-0min-0Pi-M4S7-R3,0min,A2,14801,3411,5578,2688.85,65.98,57.07
Rep2-H2O2-Rep3-0Pi,d080421-0min-0Pi-M4S7-R3,0min,A3,16318,7557,8689,4735.05,54.72,48.77
Rep2-H2O2-Rep3-0Pi,d080421-0min-0Pi-M4S7-R3,0min,A4,16008,3475,5502,2649.06,64.71,53.76
Rep2-H2O2-Rep3-0Pi,d080421-0min-0Pi-M4S7-R3,0min,B1,17687,7794,8532,4341.17,49.91,44.63
Rep2-H2O2-Rep3-0Pi,d080421-0min-0Pi-M4S7-R3,0min,B2,15550,3323,4479,2468.82,63.3,56.66
Rep2-H2O2-Rep3-0Pi,d080421-0min-0Pi-M4S7-R3,0min,B3,16530,8064,8395,4407.66,49.06,43.51
Rep2-H2O2-Rep3-0Pi,d080421-0min-0Pi-M4S7-R3,0min,B4,15917,3377,3980,2310.17,59.04,52.11
Rep2-H2O2-Rep3-0Pi,d080421-0min-0Pi-M4S7-R3,0min,C1,17189,5401,7134,3095.63,51.13,47.46
Rep2-H2O2-Rep3-0Pi,d080421-0min-0Pi-M4S7-R3,0min,C3,17934,5442,6712,3080.79,50.88,46.24
Rep2-H2O2-Rep3-0Pi,d080421-0min-0Pi-M4S7-R3,0min,D1,16249,5505,6416,3043.64,49.79,46.16
Rep2-H2O2-Rep3-0Pi,d080421-0min-0Pi-M4S7-R3,0min,D3,17204,5360,6142,2910,48.91,45.63
Rep2-H2O2-Rep3-0Pi,d080421-0min-0Pi-M4S7-R3,0min,E1,16029,5361,7127,3014.63,50.44,46.85
Rep2-H2O2-Rep3-0Pi,d080421-0min-0Pi-M4S7-R3,0min,E3,16815,5348,5810,2982.1,50.15,45.63
Rep2-H2O2-Rep3-0Pi,d080421-0min-0Pi-M4S7-R3,0min,F1,15866,4844,6508,3664.07,63.02,58.61
Rep2-H2O2-Rep3-0Pi,d080421-0min-0Pi-M4S7-R3,0min,F3,17878,4909,5361,3531.26,60.86,55.26
Rep2-H2O2-Rep3-0Pi,d080421-0min-0Pi-M4S7-R3,0min,G1,17556,4870,6514,3979.97,67.54,58.08
Rep2-H2O2-Rep3-0Pi,d080421-0min-0Pi-M4S7-R3,0min,G3,16044,5073,5574,3905.71,64.56,54.44
Rep2-H2O2-Rep3-0Pi,d080421-0min-0Pi-M4S7-R3,0min,H1,17159,4543,6417,3846.31,69.38,58.35
Rep2-H2O2-Rep3-0Pi,d080421-0min-0Pi-M4S7-R3,0min,H3,16196,4767,6702,3592.52,63.4,54.58
Rep2-H2O2-Rep3-0Pi,d080421-0min-0Pi-M4S7-R3,0min,C2,15629,3451,5355,2521.5,62.12,55.33
Rep2-H2O2-Rep3-0Pi,d080421-0min-0Pi-M4S7-R3,0min,C4,17746,3545,4626,2494.81,60.88,51.43
Rep3-H2O2-Ctrl,d080521-0min-H2O2-M4S7-R3,0min,A1,16287,7214,7989,4962.35,58.6,50.37
Rep3-H2O2-Ctrl,d080521-0min-H2O2-M4S7-R3,0min,A2,15391,3017,4189,2734.89,73.38,57.74
Rep3-H2O2-Ctrl,d080521-0min-H2O2-M4S7-R3,0min,A3,15417,7360,7720,5030.62,58.57,50.36
Rep3-H2O2-Ctrl,d080521-0min-H2O2-M4S7-R3,0min,A4,14824,3147,3612,2439.85,65.02,53.66
Rep3-H2O2-Ctrl,d080521-0min-H2O2-M4S7-R3,0min,B1,17471,8618,8994,5650.51,57.5,46.43
Rep3-H2O2-Ctrl,d080521-0min-H2O2-M4S7-R3,0min,B2,15001,3030,3981,2100.31,59.51,51.87
Rep3-H2O2-Ctrl,d080521-0min-H2O2-M4S7-R3,0min,B3,16845,8914,8528,5439.11,53.79,45.54
Rep3-H2O2-Ctrl,d080521-0min-H2O2-M4S7-R3,0min,B4,14861,3258,3488,1971.69,53.65,47.51
Rep3-H2O2-Ctrl,d080521-0min-H2O2-M4S7-R3,0min,C1,17190,5154,5972,2928.43,50.83,45.65
Rep3-H2O2-Ctrl,d080521-0min-H2O2-M4S7-R3,0min,C3,15903,5074,4851,2800.36,49.41,44.62
Rep3-H2O2-Ctrl,d080521-0min-H2O2-M4S7-R3,0min,D1,17666,5292,6511,3085.43,51.85,47.27
Rep3-H2O2-Ctrl,d080521-0min-H2O2-M4S7-R3,0min,D3,16096,5408,5810,3076.08,50.82,45.58
Rep3-H2O2-Ctrl,d080521-0min-H2O2-M4S7-R3,0min,E1,15973,5496,6698,3195,51.92,46.45
Rep3-H2O2-Ctrl,d080521-0min-H2O2-M4S7-R3,0min,E3,15865,5535,5967,3140.08,50.82,45.96
Rep3-H2O2-Ctrl,d080521-0min-H2O2-M4S7-R3,0min,F1,17766,4865,5501,4315.56,71.52,61.43
Rep3-H2O2-Ctrl,d080521-0min-H2O2-M4S7-R3,0min,F3,16343,4928,5729,4221.97,70.03,59.69
Rep3-H2O2-Ctrl,d080521-0min-H2O2-M4S7-R3,0min,G1,17157,4504,5359,4329.13,75.08,65.11
Rep3-H2O2-Ctrl,d080521-0min-H2O2-M4S7-R3,0min,G3,16688,4463,6811,4374.79,75.69,63.32
Rep3-H2O2-Ctrl,d080521-0min-H2O2-M4S7-R3,0min,H1,15699,4397,5728,4194.02,75.17,63.22
Rep3-H2O2-Ctrl,d080521-0min-H2O2-M4S7-R3,0min,H3,15380,4444,4685,3993.37,72.03,59.88
Rep3-H2O2-Ctrl,d080521-0min-H2O2-M4S7-R3,0min,C2,15849,3702,4189,3604.93,77.52,61.11
Rep3-H2O2-Ctrl,d080521-0min-H2O2-M4S7-R3,0min,C4,15051,3690,4573,3257.96,72.42,57.38
Rep1-0Pi-Ctrl,d072421-30min-0Pi-M4S7-R1,30min,A5,16216,7465,9153,4727.2,55.79,47.69
Rep1-0Pi-Ctrl,d072421-30min-0Pi-M4S7-R1,30min,A6,16174,3492,3718,2497.19,62.13,51.54
Rep1-0Pi-Ctrl,d072421-30min-0Pi-M4S7-R1,30min,A7,15034,8219,8532,4989.37,53.87,48.47
Rep1-0Pi-Ctrl,d072421-30min-0Pi-M4S7-R1,30min,A8,15366,3579,4423,2572.89,62.75,53.07
Rep1-0Pi-Ctrl,d072421-30min-0Pi-M4S7-R1,30min,B5,15758,7623,9147,3879.21,46.71,42.58
Rep1-0Pi-Ctrl,d072421-30min-0Pi-M4S7-R1,30min,B6,15602,3407,4521,2216.35,58.22,50.33
Rep1-0Pi-Ctrl,d072421-30min-0Pi-M4S7-R1,30min,B7,13417,8424,9480,4427.69,49.05,44.54
Rep1-0Pi-Ctrl,d072421-30min-0Pi-M4S7-R1,30min,B8,15873,3393,3980,2287.45,60.75,53.48
Rep1-0Pi-Ctrl,d072421-30min-0Pi-M4S7-R1,30min,C5,15931,6010,5727,3139.77,47.45,45.37
Rep1-0Pi-Ctrl,d072421-30min-0Pi-M4S7-R1,30min,C7,15113,6012,6509,3152.04,47.95,45.35
Rep1-0Pi-Ctrl,d072421-30min-0Pi-M4S7-R1,30min,D5,16407,5769,6706,3043.15,48.09,45.46
Rep1-0Pi-Ctrl,d072421-30min-0Pi-M4S7-R1,30min,D7,15318,5405,5807,2966.59,50.71,46.93
Rep1-0Pi-Ctrl,d072421-30min-0Pi-M4S7-R1,30min,E5,15998,5878,5809,3057.78,47.59,45.6
Rep1-0Pi-Ctrl,d072421-30min-0Pi-M4S7-R1,30min,E7,16161,5555,6230,3072.21,50.69,46.44
Rep1-0Pi-Ctrl,d072421-30min-0Pi-M4S7-R1,30min,F5,16278,4377,5728,3378.27,64.67,52.11
Rep1-0Pi-Ctrl,d072421-30min-0Pi-M4S7-R1,30min,F7,15440,4441,5032,3537.65,66.44,54.43
Rep1-0Pi-Ctrl,d072421-30min-0Pi-M4S7-R1,30min,G5,16979,4634,4852,3781.33,67.4,54.01
Rep1-0Pi-Ctrl,d072421-30min-0Pi-M4S7-R1,30min,G7,15792,4649,5811,3675.41,65.99,55.16
Rep1-0Pi-Ctrl,d072421-30min-0Pi-M4S7-R1,30min,H5,16366,4609,5031,3594,65.27,52.78
Rep1-0Pi-Ctrl,d072421-30min-0Pi-M4S7-R1,30min,H7,15635,4646,6418,3640.74,65.52,53.45
Rep1-0Pi-Ctrl,d072421-30min-0Pi-M4S7-R1,30min,C6,16401,3718,4524,2819.26,65.72,49.53
Rep1-0Pi-Ctrl,d072421-30min-0Pi-M4S7-R1,30min,C8,15218,3848,4524,2970.02,66.97,51.05
Rep1-H2O2-Rep2-0Pi,d072721-30min-0Pi-M4S7-R2,30min,A5,15075,23698,28114,11060.19,46.9,42.39
Rep1-H2O2-Rep2-0Pi,d072721-30min-0Pi-M4S7-R2,30min,A6,16108,3180,3866,2641.79,68.39,55.26
Rep1-H2O2-Rep2-0Pi,d072721-30min-0Pi-M4S7-R2,30min,A7,14752,10712,10985,5174.91,44.29,41
Rep1-H2O2-Rep2-0Pi,d072721-30min-0Pi-M4S7-R2,30min,A8,15341,4342,5162,2507.83,51.93,45.04
Rep1-H2O2-Rep2-0Pi,d072721-30min-0Pi-M4S7-R2,30min,B5,15218,26936,26854,9072.94,32.74,27.38
Rep1-H2O2-Rep2-0Pi,d072721-30min-0Pi-M4S7-R2,30min,B6,16513,3374,5224,2381.88,59.65,54.53
Rep1-H2O2-Rep2-0Pi,d072721-30min-0Pi-M4S7-R2,30min,B7,14805,10704,11626,4887.78,42.56,38.63
Rep1-H2O2-Rep2-0Pi,d072721-30min-0Pi-M4S7-R2,30min,B8,15476,4647,5433,2308.03,45.43,43.17
Rep1-H2O2-Rep2-0Pi,d072721-30min-0Pi-M4S7-R2,30min,C5,16793,11661,23915,10558.84,73.38,97.66
Rep1-H2O2-Rep2-0Pi,d072721-30min-0Pi-M4S7-R2,30min,C7,15166,6790,6702,3123.85,42.53,41.01
Rep1-H2O2-Rep2-0Pi,d072721-30min-0Pi-M4S7-R2,30min,D5,17048,12310,26816,10863.21,72.54,96.75
Rep1-H2O2-Rep2-0Pi,d072721-30min-0Pi-M4S7-R2,30min,D7,15206,6962,6916,3140.32,41.84,39.59
Rep1-H2O2-Rep2-0Pi,d072721-30min-0Pi-M4S7-R2,30min,E5,15858,12749,26252,11724.8,74.38,98.9
Rep1-H2O2-Rep2-0Pi,d072721-30min-0Pi-M4S7-R2,30min,E7,14963,7088,7132,3210.09,42.01,40.22
Rep1-H2O2-Rep2-0Pi,d072721-30min-0Pi-M4S7-R2,30min,F5,16259,5437,7129,4587.81,69.2,62.64
Rep1-H2O2-Rep2-0Pi,d072721-30min-0Pi-M4S7-R2,30min,F7,15154,6640,8398,4199.88,55.25,48.02
Rep1-H2O2-Rep2-0Pi,d072721-30min-0Pi-M4S7-R2,30min,G5,16090,5160,5969,4206.05,66.45,60.2
Rep1-H2O2-Rep2-0Pi,d072721-30min-0Pi-M4S7-R2,30min,G7,15803,6454,6705,3820.38,52.34,47
Rep1-H2O2-Rep2-0Pi,d072721-30min-0Pi-M4S7-R2,30min,H5,16022,5061,7016,4080.71,66,61.58
Rep1-H2O2-Rep2-0Pi,d072721-30min-0Pi-M4S7-R2,30min,H7,14649,6371,6321,3693.65,51.46,47.36
Rep1-H2O2-Rep2-0Pi,d072721-30min-0Pi-M4S7-R2,30min,C6,16944,3121,3367,2863.15,73,56.91
Rep1-H2O2-Rep2-0Pi,d072721-30min-0Pi-M4S7-R2,30min,C8,15058,4527,5804,2750.88,54.31,46.89
Rep2-H2O2-Rep3-0Pi,d080421-30min-0Pi-M4S7-R3,30min,A5,15088,22958,26819,11153.41,48.71,45
Rep2-H2O2-Rep3-0Pi,d080421-30min-0Pi-M4S7-R3,30min,A6,16681,3679,4376,2779.69,64.28,58.23
Rep2-H2O2-Rep3-0Pi,d080421-30min-0Pi-M4S7-R3,30min,A7,15433,10187,10389,4857.92,44.06,41.07
Rep2-H2O2-Rep3-0Pi,d080421-30min-0Pi-M4S7-R3,30min,A8,15215,4499,5972,2562.51,51.5,47.06
Rep2-H2O2-Rep3-0Pi,d080421-30min-0Pi-M4S7-R3,30min,B5,14192,26818,26227,9470.65,34.05,27.13
Rep2-H2O2-Rep3-0Pi,d080421-30min-0Pi-M4S7-R3,30min,B6,16838,3512,4528,2607.08,63.31,58.36
Rep2-H2O2-Rep3-0Pi,d080421-30min-0Pi-M4S7-R3,30min,B7,15640,10363,10979,4659.19,41.97,38.7
Rep2-H2O2-Rep3-0Pi,d080421-30min-0Pi-M4S7-R3,30min,B8,15418,4383,5363,2410.71,50.05,46.09
Rep2-H2O2-Rep3-0Pi,d080421-30min-0Pi-M4S7-R3,30min,C5,14983,17211,27461,11262.43,63.87,78.17
Rep2-H2O2-Rep3-0Pi,d080421-30min-0Pi-M4S7-R3,30min,C7,15420,7463,7980,3477.54,43.27,41.2
Rep2-H2O2-Rep3-0Pi,d080421-30min-0Pi-M4S7-R3,30min,D5,15798,15504,25028,10778.6,65.58,85.89
Rep2-H2O2-Rep3-0Pi,d080421-30min-0Pi-M4S7-R3,30min,D7,16617,7219,8256,3262.59,42.4,39.86
Rep2-H2O2-Rep3-0Pi,d080421-30min-0Pi-M4S7-R3,30min,E5,16046,17542,26248,11784.84,65.13,82.82
Rep2-H2O2-Rep3-0Pi,d080421-30min-0Pi-M4S7-R3,30min,E7,15339,7483,8390,3489.86,43.2,41.47
Rep2-H2O2-Rep3-0Pi,d080421-30min-0Pi-M4S7-R3,30min,F5,16388,5449,6709,3934.91,61.74,59.06
Rep2-H2O2-Rep3-0Pi,d080421-30min-0Pi-M4S7-R3,30min,F7,16400,6382,7473,3473.24,49.05,46.31
Rep2-H2O2-Rep3-0Pi,d080421-30min-0Pi-M4S7-R3,30min,G5,16836,5332,6705,3961.76,62.8,58.07
Rep2-H2O2-Rep3-0Pi,d080421-30min-0Pi-M4S7-R3,30min,G7,16529,6535,7357,3747.86,51.13,46.85
Rep2-H2O2-Rep3-0Pi,d080421-30min-0Pi-M4S7-R3,30min,H5,17084,4975,7481,3813.77,64.66,58.34
Rep2-H2O2-Rep3-0Pi,d080421-30min-0Pi-M4S7-R3,30min,H7,14679,6271,6710,3644.83,51.68,47.33
Rep2-H2O2-Rep3-0Pi,d080421-30min-0Pi-M4S7-R3,30min,C6,16843,3886,4855,2766.65,61.6,56.96
Rep2-H2O2-Rep3-0Pi,d080421-30min-0Pi-M4S7-R3,30min,C8,14926,4730,4853,2581.41,49.63,45.97
Rep3-H2O2-Ctrl,d080521-30min-H2O2-M4S7-R3,30min,A5,14546,15503,23906,11743.45,66.73,81.85
Rep3-H2O2-Ctrl,d080521-30min-H2O2-M4S7-R3,30min,A6,17209,2992,3976,2744.3,74.7,60.3
Rep3-H2O2-Ctrl,d080521-30min-H2O2-M4S7-R3,30min,A7,15221,9583,10575,5033.55,47.81,42.87
Rep3-H2O2-Ctrl,d080521-30min-H2O2-M4S7-R3,30min,A8,13170,4159,5435,2671.92,56.72,49.53
Rep3-H2O2-Ctrl,d080521-30min-H2O2-M4S7-R3,30min,B5,13418,26805,26818,9788.88,34.76,28.78
Rep3-H2O2-Ctrl,d080521-30min-H2O2-M4S7-R3,30min,B6,14952,3202,3308,2255.85,61.08,53.02
Rep3-H2O2-Ctrl,d080521-30min-H2O2-M4S7-R3,30min,B7,16019,11362,11415,5444.46,44.38,38.75
Rep3-H2O2-Ctrl,d080521-30min-H2O2-M4S7-R3,30min,B8,14228,4285,4739,2210.57,47.16,45.14
Rep3-H2O2-Ctrl,d080521-30min-H2O2-M4S7-R3,30min,C5,15078,7408,24491,9208.55,82.72,77.22
Rep3-H2O2-Ctrl,d080521-30min-H2O2-M4S7-R3,30min,C7,14307,6914,7977,3322.4,44.08,41.71
Rep3-H2O2-Ctrl,d080521-30min-H2O2-M4S7-R3,30min,D5,14871,8460,24473,9951.94,80.36,86.36
Rep3-H2O2-Ctrl,d080521-30min-H2O2-M4S7-R3,30min,D7,13529,6882,7128,3330.89,45.02,42.38
Rep3-H2O2-Ctrl,d080521-30min-H2O2-M4S7-R3,30min,E5,15370,9707,25020,10947.04,79.94,88.05
Rep3-H2O2-Ctrl,d080521-30min-H2O2-M4S7-R3,30min,E7,14601,7229,9151,3579.1,45.52,43.11
Rep3-H2O2-Ctrl,d080521-30min-H2O2-M4S7-R3,30min,F5,15200,5197,6513,4323.4,68.45,61.93
Rep3-H2O2-Ctrl,d080521-30min-H2O2-M4S7-R3,30min,F7,15091,6189,7359,4056.06,57.25,50.45
Rep3-H2O2-Ctrl,d080521-30min-H2O2-M4S7-R3,30min,G5,15008,4707,5227,4330.6,73.09,64.05
Rep3-H2O2-Ctrl,d080521-30min-H2O2-M4S7-R3,30min,G7,14645,5637,7359,4232.36,63.37,53.08
Rep3-H2O2-Ctrl,d080521-30min-H2O2-M4S7-R3,30min,H5,15017,4520,5364,3945.4,70.49,62.32
Rep3-H2O2-Ctrl,d080521-30min-H2O2-M4S7-R3,30min,H7,14053,5708,5969,3814.43,58.35,51.66
Rep3-H2O2-Ctrl,d080521-30min-H2O2-M4S7-R3,30min,C6,17354,3688,4280,3480.62,76.11,62.55
Rep3-H2O2-Ctrl,d080521-30min-H2O2-M4S7-R3,30min,C8,13319,4560,5288,3328.77,63.08,51.66
Rep1-0Pi-Ctrl,d072421-60min-0Pi-M4S7-R1,60min,A9,14139,12922,15424,6274.09,45.82,43.28
Rep1-0Pi-Ctrl,d072421-60min-0Pi-M4S7-R1,60min,A10,15325,5976,6414,3030.83,47.04,44.09
Rep1-0Pi-Ctrl,d072421-60min-0Pi-M4S7-R1,60min,A11,13006,9374,11408,5185.09,50.72,47.12
Rep1-0Pi-Ctrl,d072421-60min-0Pi-M4S7-R1,60min,A12,13009,3791,4235,2617.39,61.05,52.21
Rep1-0Pi-Ctrl,d072421-60min-0Pi-M4S7-R1,60min,B9,13715,12800,14793,5689.81,42.26,39.59
Rep1-0Pi-Ctrl,d072421-60min-0Pi-M4S7-R1,60min,B10,15946,5757,7235,2798.72,45.19,43.54
Rep1-0Pi-Ctrl,d072421-60min-0Pi-M4S7-R1,60min,B11,13167,9706,10979,4705.42,45.34,44.48
Rep1-0Pi-Ctrl,d072421-60min-0Pi-M4S7-R1,60min,B12,14808,3308,4375,2054.29,55.57,52.24
Rep1-0Pi-Ctrl,d072421-60min-0Pi-M4S7-R1,60min,C9,14873,10287,10581,4655.82,42.57,41.87
Rep1-0Pi-Ctrl,d072421-60min-0Pi-M4S7-R1,60min,C11,13327,6748,8110,3422,46.98,44.97
Rep1-0Pi-Ctrl,d072421-60min-0Pi-M4S7-R1,60min,D9,15241,9836,12343,4533.2,43.33,41.07
Rep1-0Pi-Ctrl,d072421-60min-0Pi-M4S7-R1,60min,D11,14430,6043,6810,3164.36,48.15,45.76
Rep1-0Pi-Ctrl,d072421-60min-0Pi-M4S7-R1,60min,E9,15471,9778,10783,4412.79,42.68,41.62
Rep1-0Pi-Ctrl,d072421-60min-0Pi-M4S7-R1,60min,E11,14641,6028,6804,3151.55,48.4,46.24
Rep1-0Pi-Ctrl,d072421-60min-0Pi-M4S7-R1,60min,F9,15112,7415,7855,3857.56,47.61,44.37
Rep1-0Pi-Ctrl,d072421-60min-0Pi-M4S7-R1,60min,F11,13731,4688,5726,3430.45,63.1,53.07
Rep1-0Pi-Ctrl,d072421-60min-0Pi-M4S7-R1,60min,G9,15118,7507,7599,4039.08,49.38,44.73
Rep1-0Pi-Ctrl,d072421-60min-0Pi-M4S7-R1,60min,G11,13209,4938,5973,3584.67,62.69,54.91
Rep1-0Pi-Ctrl,d072421-60min-0Pi-M4S7-R1,60min,H9,14873,7429,8834,3942.82,48.72,44.62
Rep1-0Pi-Ctrl,d072421-60min-0Pi-M4S7-R1,60min,H11,13491,4906,6417,3411.01,60.58,54.12
Rep1-0Pi-Ctrl,d072421-60min-0Pi-M4S7-R1,60min,C10,14909,6145,7359,3311.04,49.67,43.45
Rep1-0Pi-Ctrl,d072421-60min-0Pi-M4S7-R1,60min,C12,13777,3773,4793,2928.7,66.97,53.72
Rep1-H2O2-Rep2-0Pi,d072721-60min-0Pi-M4S7-R2,60min,A9,13633,66366,85552,32391.41,51.51,48.07
Rep1-H2O2-Rep2-0Pi,d072721-60min-0Pi-M4S7-R2,60min,A10,16233,3100,3717,2781.89,72.7,59.3
Rep1-H2O2-Rep2-0Pi,d072721-60min-0Pi-M4S7-R2,60min,A11,13899,17433,19132,6941.78,37.93,37.51
Rep1-H2O2-Rep2-0Pi,d072721-60min-0Pi-M4S7-R2,60min,A12,14252,7095,7024,3243.17,42.83,41.17
Rep1-H2O2-Rep2-0Pi,d072721-60min-0Pi-M4S7-R2,60min,B9,12921,58619,66188,20036.55,33.1,32.81
Rep1-H2O2-Rep2-0Pi,d072721-60min-0Pi-M4S7-R2,60min,B10,16824,3317,3789,2471.03,63.07,56.33
Rep1-H2O2-Rep2-0Pi,d072721-60min-0Pi-M4S7-R2,60min,B11,12605,16653,16095,6440.11,36.79,35.21
Rep1-H2O2-Rep2-0Pi,d072721-60min-0Pi-M4S7-R2,60min,B12,14691,6937,7480,3021.46,40.68,39.8
Rep1-H2O2-Rep2-0Pi,d072721-60min-0Pi-M4S7-R2,60min,C9,14933,20437,75232,33261.68,94.4,122.04
Rep1-H2O2-Rep2-0Pi,d072721-60min-0Pi-M4S7-R2,60min,C11,13963,10968,12322,4547.43,39.05,37.75
Rep1-H2O2-Rep2-0Pi,d072721-60min-0Pi-M4S7-R2,60min,D9,15377,25364,67923,32988.14,88.83,124.27
Rep1-H2O2-Rep2-0Pi,d072721-60min-0Pi-M4S7-R2,60min,D11,14644,10773,11634,4456.13,39.15,37.54
Rep1-H2O2-Rep2-0Pi,d072721-60min-0Pi-M4S7-R2,60min,E9,14740,23343,83342,35759.04,93.14,124.2
Rep1-H2O2-Rep2-0Pi,d072721-60min-0Pi-M4S7-R2,60min,E11,14280,11705,10578,4805.97,38.92,37.82
Rep1-H2O2-Rep2-0Pi,d072721-60min-0Pi-M4S7-R2,60min,F9,15796,5406,8987,4779.41,71.67,64.51
Rep1-H2O2-Rep2-0Pi,d072721-60min-0Pi-M4S7-R2,60min,F11,13844,9741,11415,4644.45,44.19,41.88
Rep1-H2O2-Rep2-0Pi,d072721-60min-0Pi-M4S7-R2,60min,G9,15756,5269,6136,4498.33,68.91,61.9
Rep1-H2O2-Rep2-0Pi,d072721-60min-0Pi-M4S7-R2,60min,G11,13465,9977,9827,4557.47,42.64,40.4
Rep1-H2O2-Rep2-0Pi,d072721-60min-0Pi-M4S7-R2,60min,H9,16518,4954,5576,4133.26,67.64,62.93
Rep1-H2O2-Rep2-0Pi,d072721-60min-0Pi-M4S7-R2,60min,H11,13200,10168,11631,4450.1,41.05,40.95
Rep1-H2O2-Rep2-0Pi,d072721-60min-0Pi-M4S7-R2,60min,C10,14782,3024,3904,2777.24,74.05,59.41
Rep1-H2O2-Rep2-0Pi,d072721-60min-0Pi-M4S7-R2,60min,C12,12775,7393,7979,3343.71,42.38,40.55
Rep2-H2O2-Rep3-0Pi,d080421-60min-0Pi-M4S7-R3,60min,A9,13535,66346,87691,34099.32,54.14,53.78
Rep2-H2O2-Rep3-0Pi,d080421-60min-0Pi-M4S7-R3,60min,A10,14742,3661,5650,2902.99,67.14,59.92
Rep2-H2O2-Rep3-0Pi,d080421-60min-0Pi-M4S7-R3,60min,A11,13351,16240,17908,6428.86,37.82,37.88
Rep2-H2O2-Rep3-0Pi,d080421-60min-0Pi-M4S7-R3,60min,A12,13694,7238,8544,3216.75,41.81,40.72
Rep2-H2O2-Rep3-0Pi,d080421-60min-0Pi-M4S7-R3,60min,B9,12614,68057,81199,21942.66,31.92,31.01
Rep2-H2O2-Rep3-0Pi,d080421-60min-0Pi-M4S7-R3,60min,B10,14799,3402,5502,2455.74,62.27,58.83
Rep2-H2O2-Rep3-0Pi,d080421-60min-0Pi-M4S7-R3,60min,B11,14336,15475,17909,6175.15,38.17,37.06
Rep2-H2O2-Rep3-0Pi,d080421-60min-0Pi-M4S7-R3,60min,B12,14757,6759,8122,3121.77,42.95,42.09
Rep2-H2O2-Rep3-0Pi,d080421-60min-0Pi-M4S7-R3,60min,C9,14369,46590,75123,35906.67,76.4,106.23
Rep2-H2O2-Rep3-0Pi,d080421-60min-0Pi-M4S7-R3,60min,C11,13847,12014,12578,4920.3,38.89,38.12
Rep2-H2O2-Rep3-0Pi,d080421-60min-0Pi-M4S7-R3,60min,D9,15275,39418,67975,33547.08,79.83,112.58
Rep2-H2O2-Rep3-0Pi,d080421-60min-0Pi-M4S7-R3,60min,D11,15071,10832,10986,4622.74,40.22,38.78
Rep2-H2O2-Rep3-0Pi,d080421-60min-0Pi-M4S7-R3,60min,E9,14361,47207,79146,37446.56,78.08,109.54
Rep2-H2O2-Rep3-0Pi,d080421-60min-0Pi-M4S7-R3,60min,E11,14149,12386,13349,5084.87,39.24,38.2
Rep2-H2O2-Rep3-0Pi,d080421-60min-0Pi-M4S7-R3,60min,F9,15156,5812,8385,4286.25,63.07,61.25
Rep2-H2O2-Rep3-0Pi,d080421-60min-0Pi-M4S7-R3,60min,F11,14317,9711,11202,4133.42,40.2,39.6
Rep2-H2O2-Rep3-0Pi,d080421-60min-0Pi-M4S7-R3,60min,G9,15258,5592,7725,4229.62,64.27,59.69
Rep2-H2O2-Rep3-0Pi,d080421-60min-0Pi-M4S7-R3,60min,G11,13897,9721,10375,4367.93,42.17,39.96
Rep2-H2O2-Rep3-0Pi,d080421-60min-0Pi-M4S7-R3,60min,H9,14830,5082,5887,3928.64,64.96,60.27
Rep2-H2O2-Rep3-0Pi,d080421-60min-0Pi-M4S7-R3,60min,H11,13840,9509,9482,4231.91,41.63,40.05
Rep2-H2O2-Rep3-0Pi,d080421-60min-0Pi-M4S7-R3,60min,C10,13961,4165,5157,2917.95,60.49,57.35
Rep2-H2O2-Rep3-0Pi,d080421-60min-0Pi-M4S7-R3,60min,C12,14231,7223,7604,3222.4,42.07,40.21
Rep3-H2O2-Ctrl,d080521-60min-H2O2-M4S7-R3,60min,A9,14254,27510,83433,36018.43,88.13,116.98
Rep3-H2O2-Ctrl,d080521-60min-H2O2-M4S7-R3,60min,A10,15713,2748,4477,2731.37,79.25,69.06
Rep3-H2O2-Ctrl,d080521-60min-H2O2-M4S7-R3,60min,A11,11878,11020,12834,5322.7,44.84,42.14
Rep3-H2O2-Ctrl,d080521-60min-H2O2-M4S7-R3,60min,A12,12355,4307,5890,2684.5,56.03,50.02
Rep3-H2O2-Ctrl,d080521-60min-H2O2-M4S7-R3,60min,B9,11763,68890,75308,23227.33,32.95,31.15
Rep3-H2O2-Ctrl,d080521-60min-H2O2-M4S7-R3,60min,B10,15558,3054,4236,2352.66,66.2,59.23
Rep3-H2O2-Ctrl,d080521-60min-H2O2-M4S7-R3,60min,B11,12308,13147,14195,6039.03,42.96,39.35
Rep3-H2O2-Ctrl,d080521-60min-H2O2-M4S7-R3,60min,B12,13531,4207,5036,2245.72,49,47.58
Rep3-H2O2-Ctrl,d080521-60min-H2O2-M4S7-R3,60min,C9,14685,8864,71594,29738.34,125.36,92.04
Rep3-H2O2-Ctrl,d080521-60min-H2O2-M4S7-R3,60min,C11,12366,7658,8250,3550.44,43.03,40.44
Rep3-H2O2-Ctrl,d080521-60min-H2O2-M4S7-R3,60min,D9,15110,12195,75272,31610.34,111.84,106.86
Rep3-H2O2-Ctrl,d080521-60min-H2O2-M4S7-R3,60min,D11,13055,7011,8839,3461.24,45.56,43.12
Rep3-H2O2-Ctrl,d080521-60min-H2O2-M4S7-R3,60min,E9,14658,14102,75263,33616.04,109.57,108.68
Rep3-H2O2-Ctrl,d080521-60min-H2O2-M4S7-R3,60min,E11,12213,7715,8115,3715.04,44.81,42.66
Rep3-H2O2-Ctrl,d080521-60min-H2O2-M4S7-R3,60min,F9,15652,5093,7721,4524.57,72.4,65.08
Rep3-H2O2-Ctrl,d080521-60min-H2O2-M4S7-R3,60min,F11,12097,6277,6705,4014.04,56.79,49.84
Rep3-H2O2-Ctrl,d080521-60min-H2O2-M4S7-R3,60min,G9,14732,4572,6417,4673.87,79.64,69.1
Rep3-H2O2-Ctrl,d080521-60min-H2O2-M4S7-R3,60min,G11,11928,5645,5971,3722.58,57.75,52.68
Rep3-H2O2-Ctrl,d080521-60min-H2O2-M4S7-R3,60min,H9,14647,4508,7481,4260.92,75.82,65.74
Rep3-H2O2-Ctrl,d080521-60min-H2O2-M4S7-R3,60min,H11,12341,5456,5652,3560.33,57.79,50.38
Rep3-H2O2-Ctrl,d080521-60min-H2O2-M4S7-R3,60min,C10,15277,3566,5426,3524.08,79.36,68.14
Rep3-H2O2-Ctrl,d080521-60min-H2O2-M4S7-R3,60min,C12,12169,4746,5292,3259.1,60.75,50.26
Rep1-0Pi-Ctrl,d072421-90min-0Pi-M4S7-R1,90min,A1,12987,18749,20880,8725.3,43.92,43.69
Rep1-0Pi-Ctrl,d072421-90min-0Pi-M4S7-R1,90min,A2,17065,7763,8113,3966.05,47.34,45.07
Rep1-0Pi-Ctrl,d072421-90min-0Pi-M4S7-R1,90min,A3,10695,7365,9137,4499.34,55,53.51
Rep1-0Pi-Ctrl,d072421-90min-0Pi-M4S7-R1,90min,A4,14076,2657,3646,2373.49,75.18,56.08
Rep1-0Pi-Ctrl,d072421-90min-0Pi-M4S7-R1,90min,B1,13604,16920,18300,7695.44,42.93,39.66
Rep1-0Pi-Ctrl,d072421-90min-0Pi-M4S7-R1,90min,B2,14187,8264,10009,4308.53,50.28,47.29
Rep1-0Pi-Ctrl,d072421-90min-0Pi-M4S7-R1,90min,B3,11780,8005,8684,4358.04,49.7,49.03
Rep1-0Pi-Ctrl,d072421-90min-0Pi-M4S7-R1,90min,B4,14743,2596,4065,1877.39,62.63,54.14
Rep1-0Pi-Ctrl,d072421-90min-0Pi-M4S7-R1,90min,C1,13335,14717,14497,6172.13,40.3,39.62
Rep1-0Pi-Ctrl,d072421-90min-0Pi-M4S7-R1,90min,C3,11756,5879,6511,3207.03,49.73,50.34
Rep1-0Pi-Ctrl,d072421-90min-0Pi-M4S7-R1,90min,D1,15739,12812,13625,5843.7,42.67,41.1
Rep1-0Pi-Ctrl,d072421-90min-0Pi-M4S7-R1,90min,D3,14151,5019,5969,2903.49,51.74,49.21
Rep1-0Pi-Ctrl,d072421-90min-0Pi-M4S7-R1,90min,E1,14791,13563,16785,6050.92,42.28,42.07
Rep1-0Pi-Ctrl,d072421-90min-0Pi-M4S7-R1,90min,E3,13716,5109,6509,2962.24,52.05,50.06
Rep1-0Pi-Ctrl,d072421-90min-0Pi-M4S7-R1,90min,F1,13677,11347,12814,5188.16,43.33,42.23
Rep1-0Pi-Ctrl,d072421-90min-0Pi-M4S7-R1,90min,F3,11585,3930,4735,3026.99,65.69,57.27
Rep1-0Pi-Ctrl,d072421-90min-0Pi-M4S7-R1,90min,G1,0,NA,NA,NA,NA,NA
Rep1-0Pi-Ctrl,d072421-90min-0Pi-M4S7-R1,90min,G3,11968,4080,6139,3067.1,64.25,58.73
Rep1-0Pi-Ctrl,d072421-90min-0Pi-M4S7-R1,90min,H1,14339,12015,13898,5520.4,43.8,43.42
Rep1-0Pi-Ctrl,d072421-90min-0Pi-M4S7-R1,90min,H3,11468,4054,5289,3086.52,65.24,58.06
Rep1-0Pi-Ctrl,d072421-90min-0Pi-M4S7-R1,90min,C2,14130,8816,10579,4076.93,43.43,42.1
Rep1-0Pi-Ctrl,d072421-90min-0Pi-M4S7-R1,90min,C4,12732,3246,4788,3066.03,78.48,56.9
Rep1-H2O2-Rep2-0Pi,d072721-90min-0Pi-M4S7-R2,90min,A1,10816,86229,99948,44907.19,51.61,48.86
Rep1-H2O2-Rep2-0Pi,d072721-90min-0Pi-M4S7-R2,90min,A2,16164,2935,4527,2673.88,75.54,67.31
Rep1-H2O2-Rep2-0Pi,d072721-90min-0Pi-M4S7-R2,90min,A3,11503,23733,28101,9424.5,37.94,38.1
Rep1-H2O2-Rep2-0Pi,d072721-90min-0Pi-M4S7-R2,90min,A4,12314,9112,9657,4128.11,42.57,40.92
Rep1-H2O2-Rep2-0Pi,d072721-90min-0Pi-M4S7-R2,90min,B1,11461,70859,67970,29956.71,40.57,35.15
Rep1-H2O2-Rep2-0Pi,d072721-90min-0Pi-M4S7-R2,90min,B2,16144,3259,4525,2741.11,70.62,61.95
Rep1-H2O2-Rep2-0Pi,d072721-90min-0Pi-M4S7-R2,90min,B3,12066,20009,20884,8066.8,37.94,36.52
Rep1-H2O2-Rep2-0Pi,d072721-90min-0Pi-M4S7-R2,90min,B4,13639,9477,9654,3904.46,38.93,38.44
Rep1-H2O2-Rep2-0Pi,d072721-90min-0Pi-M4S7-R2,90min,C1,13887,46846,85552,50296.68,90.45,126.41
Rep1-H2O2-Rep2-0Pi,d072721-90min-0Pi-M4S7-R2,90min,C3,12162,15242,15760,5988.55,37.63,37.3
Rep1-H2O2-Rep2-0Pi,d072721-90min-0Pi-M4S7-R2,90min,D1,14740,59137,90104,44352.73,76.58,96.36
Rep1-H2O2-Rep2-0Pi,d072721-90min-0Pi-M4S7-R2,90min,D3,13302,13924,15109,5910.64,39.81,39.13
Rep1-H2O2-Rep2-0Pi,d072721-90min-0Pi-M4S7-R2,90min,E1,14315,58458,90097,46597.78,79.6,105.16
Rep1-H2O2-Rep2-0Pi,d072721-90min-0Pi-M4S7-R2,90min,E3,13209,15260,18699,6443.6,40.08,40.86
Rep1-H2O2-Rep2-0Pi,d072721-90min-0Pi-M4S7-R2,90min,F1,14226,5374,7139,4541.2,68.77,62.79
Rep1-H2O2-Rep2-0Pi,d072721-90min-0Pi-M4S7-R2,90min,F3,12785,13115,14200,5710.77,40.84,40.24
Rep1-H2O2-Rep2-0Pi,d072721-90min-0Pi-M4S7-R2,90min,G1,15088,5306,7356,4299.6,66.63,60.27
Rep1-H2O2-Rep2-0Pi,d072721-90min-0Pi-M4S7-R2,90min,G3,12247,13568,13896,5820.27,40.54,39.34
Rep1-H2O2-Rep2-0Pi,d072721-90min-0Pi-M4S7-R2,90min,H1,14989,5151,6704,4603.48,71.7,62.92
Rep1-H2O2-Rep2-0Pi,d072721-90min-0Pi-M4S7-R2,90min,H3,12686,14634,15099,5982.37,39.05,39.66
Rep1-H2O2-Rep2-0Pi,d072721-90min-0Pi-M4S7-R2,90min,C2,16928,2910,3680,2773.7,77.12,64.76
Rep1-H2O2-Rep2-0Pi,d072721-90min-0Pi-M4S7-R2,90min,C4,12742,10229,10569,4374.04,40.53,39.39
Rep2-H2O2-Rep3-0Pi,d080421-90min-0Pi-M4S7-R3,90min,A1,10687,86840,87679,45471.96,51.69,47.77
Rep2-H2O2-Rep3-0Pi,d080421-90min-0Pi-M4S7-R3,90min,A2,14962,3586,5288,2946.29,70.34,63.15
Rep2-H2O2-Rep3-0Pi,d080421-90min-0Pi-M4S7-R3,90min,A3,11383,22941,28792,9024.21,37.88,39.2
Rep2-H2O2-Rep3-0Pi,d080421-90min-0Pi-M4S7-R3,90min,A4,12608,9687,10387,4092.19,40.24,39.19
Rep2-H2O2-Rep3-0Pi,d080421-90min-0Pi-M4S7-R3,90min,B1,11673,78597,79170,31910.77,38.42,37.23
Rep2-H2O2-Rep3-0Pi,d080421-90min-0Pi-M4S7-R3,90min,B2,14912,3399,4574,2674.24,67.56,64.33
Rep2-H2O2-Rep3-0Pi,d080421-90min-0Pi-M4S7-R3,90min,B3,11781,21907,25619,8721.27,38.28,38.39
Rep2-H2O2-Rep3-0Pi,d080421-90min-0Pi-M4S7-R3,90min,B4,13076,9675,10387,4181.34,41.15,40.79
Rep2-H2O2-Rep3-0Pi,d080421-90min-0Pi-M4S7-R3,90min,C1,13324,71698,102543,52873,74.63,92.8
Rep2-H2O2-Rep3-0Pi,d080421-90min-0Pi-M4S7-R3,90min,C3,13295,16540,19111,6706.86,39.1,39.31
Rep2-H2O2-Rep3-0Pi,d080421-90min-0Pi-M4S7-R3,90min,D1,12695,67608,85453,45785.79,70.51,74.57
Rep2-H2O2-Rep3-0Pi,d080421-90min-0Pi-M4S7-R3,90min,D3,15288,14659,14787,6351.69,40.9,40.73
Rep2-H2O2-Rep3-0Pi,d080421-90min-0Pi-M4S7-R3,90min,E1,13204,74048,102314,54796.05,75.5,94.51
Rep2-H2O2-Rep3-0Pi,d080421-90min-0Pi-M4S7-R3,90min,E3,12572,16597,20879,6765.27,39.06,39.2
Rep2-H2O2-Rep3-0Pi,d080421-90min-0Pi-M4S7-R3,90min,F1,15623,5459,6808,5760.76,84.56,61.84
Rep2-H2O2-Rep3-0Pi,d080421-90min-0Pi-M4S7-R3,90min,F3,12690,13709,15739,5545.48,38.71,38.6
Rep2-H2O2-Rep3-0Pi,d080421-90min-0Pi-M4S7-R3,90min,G1,13694,5360,8538,4092.71,64.74,58.57
Rep2-H2O2-Rep3-0Pi,d080421-90min-0Pi-M4S7-R3,90min,G3,12380,13262,14486,5424.68,39.13,38.83
Rep2-H2O2-Rep3-0Pi,d080421-90min-0Pi-M4S7-R3,90min,H1,14275,4930,6235,3808.22,65.74,59
Rep2-H2O2-Rep3-0Pi,d080421-90min-0Pi-M4S7-R3,90min,H3,11803,13085,16089,5602.12,40.69,40.98
Rep2-H2O2-Rep3-0Pi,d080421-90min-0Pi-M4S7-R3,90min,C2,14007,4075,5429,2804.61,60.52,56.68
Rep2-H2O2-Rep3-0Pi,d080421-90min-0Pi-M4S7-R3,90min,C4,12951,9708,12103,4280.38,41.73,40.76
Rep3-H2O2-Ctrl,d080521-90min-H2O2-M4S7-R3,90min,A1,12348,61273,107837,55297.46,82.16,113.95
Rep3-H2O2-Ctrl,d080521-90min-H2O2-M4S7-R3,90min,A2,15529,2371,852,2765.25,88.55,87.73
Rep3-H2O2-Ctrl,d080521-90min-H2O2-M4S7-R3,90min,A3,10471,9298,10006,4875.45,48.38,48.47
Rep3-H2O2-Ctrl,d080521-90min-H2O2-M4S7-R3,90min,A4,10729,3738,5438,2850.01,66.4,55.13
Rep3-H2O2-Ctrl,d080521-90min-H2O2-M4S7-R3,90min,B1,10278,84209,79198,34300.07,38.49,35.42
Rep3-H2O2-Ctrl,d080521-90min-H2O2-M4S7-R3,90min,B2,15500,2919,4577,2444.52,72.44,71.7
Rep3-H2O2-Ctrl,d080521-90min-H2O2-M4S7-R3,90min,B3,10671,11417,13356,5493.36,45.27,46.28
Rep3-H2O2-Ctrl,d080521-90min-H2O2-M4S7-R3,90min,B4,11619,3710,5290,2232.19,54.07,52.39
Rep3-H2O2-Ctrl,d080521-90min-H2O2-M4S7-R3,90min,C1,14485,10961,97452,48795.52,124.62,107.76
Rep3-H2O2-Ctrl,d080521-90min-H2O2-M4S7-R3,90min,C3,10156,7039,8680,3499.34,46.1,47
Rep3-H2O2-Ctrl,d080521-90min-H2O2-M4S7-R3,90min,D1,14886,24630,107682,49733.25,103.6,130.72
Rep3-H2O2-Ctrl,d080521-90min-H2O2-M4S7-R3,90min,D3,12345,5730,6321,3183.07,49.77,47.79
Rep3-H2O2-Ctrl,d080521-90min-H2O2-M4S7-R3,90min,E1,13550,26222,110715,54545.43,104.97,128.48
Rep3-H2O2-Ctrl,d080521-90min-H2O2-M4S7-R3,90min,E3,10864,6959,8390,3687.05,49.01,47.85
Rep3-H2O2-Ctrl,d080521-90min-H2O2-M4S7-R3,90min,F1,15314,5033,6606,4352.07,72.37,65.78
Rep3-H2O2-Ctrl,d080521-90min-H2O2-M4S7-R3,90min,F3,11324,5385,6711,3491.7,57.55,53.41
Rep3-H2O2-Ctrl,d080521-90min-H2O2-M4S7-R3,90min,G1,14870,4444,6144,4319.93,77.86,72.65
Rep3-H2O2-Ctrl,d080521-90min-H2O2-M4S7-R3,90min,G3,10564,4865,6237,3436.35,61.98,55.54
Rep3-H2O2-Ctrl,d080521-90min-H2O2-M4S7-R3,90min,H1,15749,4345,6417,4117.39,77.22,69.2
Rep3-H2O2-Ctrl,d080521-90min-H2O2-M4S7-R3,90min,H3,11250,4777,7355,3461.71,63.25,54.83
Rep3-H2O2-Ctrl,d080521-90min-H2O2-M4S7-R3,90min,C2,14962,3353,5288,3230.83,80,78.88
Rep3-H2O2-Ctrl,d080521-90min-H2O2-M4S7-R3,90min,C4,11073,3917,5361,3127.68,68.71,55.45
Rep1-0Pi-Ctrl,d072421-120min-0Pi-M4S7-R1,120min,A5,12566,21437,23401,10260.7,44.8,42.21
Rep1-0Pi-Ctrl,d072421-120min-0Pi-M4S7-R1,120min,A6,13951,10406,13346,4805.46,43.35,42.97
Rep1-0Pi-Ctrl,d072421-120min-0Pi-M4S7-R1,120min,A7,10068,6299,7607,3850.11,54.06,50.59
Rep1-0Pi-Ctrl,d072421-120min-0Pi-M4S7-R1,120min,A8,12406,2466,3866,2337.15,79.5,55.19
Rep1-0Pi-Ctrl,d072421-120min-0Pi-M4S7-R1,120min,B5,12548,20534,19971,8848.76,40.65,36.7
Rep1-0Pi-Ctrl,d072421-120min-0Pi-M4S7-R1,120min,B6,14292,10078,11866,4592.98,42.77,42.14
Rep1-0Pi-Ctrl,d072421-120min-0Pi-M4S7-R1,120min,B7,11795,6743,6809,3809.48,50.97,48.24
Rep1-0Pi-Ctrl,d072421-120min-0Pi-M4S7-R1,120min,B8,13614,2297,2192,1760.53,67.07,51.12
Rep1-0Pi-Ctrl,d072421-120min-0Pi-M4S7-R1,120min,C5,13404,16231,17533,7133.57,41.57,41.64
Rep1-0Pi-Ctrl,d072421-120min-0Pi-M4S7-R1,120min,C7,10814,5027,6232,2782.67,50.29,49.54
Rep1-0Pi-Ctrl,d072421-120min-0Pi-M4S7-R1,120min,D5,14039,15738,16084,7077.95,42.36,41.99
Rep1-0Pi-Ctrl,d072421-120min-0Pi-M4S7-R1,120min,D7,13729,4259,5091,2403.56,50.99,47.76
Rep1-0Pi-Ctrl,d072421-120min-0Pi-M4S7-R1,120min,E5,14582,17371,18303,7615.29,42.02,42.91
Rep1-0Pi-Ctrl,d072421-120min-0Pi-M4S7-R1,120min,E7,13119,4518,5654,2560.66,51.34,48.67
Rep1-0Pi-Ctrl,d072421-120min-0Pi-M4S7-R1,120min,F5,12985,15947,17542,6766.5,40.69,40.43
Rep1-0Pi-Ctrl,d072421-120min-0Pi-M4S7-R1,120min,F7,11126,3201,4845,2681.29,70.76,55.08
Rep1-0Pi-Ctrl,d072421-120min-0Pi-M4S7-R1,120min,G5,12223,15677,16791,6885.59,42,42.36
Rep1-0Pi-Ctrl,d072421-120min-0Pi-M4S7-R1,120min,G7,11336,3142,4062,2661.46,71.11,59.27
Rep1-0Pi-Ctrl,d072421-120min-0Pi-M4S7-R1,120min,H5,13458,14633,16774,6874.01,44.52,44.52
Rep1-0Pi-Ctrl,d072421-120min-0Pi-M4S7-R1,120min,H7,10688,3364,3858,2576.11,65.71,54.45
Rep1-0Pi-Ctrl,d072421-120min-0Pi-M4S7-R1,120min,C6,13608,11168,12097,5028.32,42.71,41.63
Rep1-0Pi-Ctrl,d072421-120min-0Pi-M4S7-R1,120min,C8,11048,2813,3719,3545.75,100.85,56.87
Rep1-H2O2-Rep2-0Pi,d072721-120min-0Pi-M4S7-R2,120min,A5,10432,91800,126027,44293.91,46.25,44.66
Rep1-H2O2-Rep2-0Pi,d072721-120min-0Pi-M4S7-R2,120min,A6,17270,2836,4376,2660.65,79.19,79.35
Rep1-H2O2-Rep2-0Pi,d072721-120min-0Pi-M4S7-R2,120min,A7,10888,27950,29519,11614.99,39.31,38.57
Rep1-H2O2-Rep2-0Pi,d072721-120min-0Pi-M4S7-R2,120min,A8,12482,11065,12095,4902.38,41.74,40.85
Rep1-H2O2-Rep2-0Pi,d072721-120min-0Pi-M4S7-R2,120min,B5,9142,72778,89991,30834.06,39.95,39.12
Rep1-H2O2-Rep2-0Pi,d072721-120min-0Pi-M4S7-R2,120min,B6,16636,3196,4426,3228.47,84.04,71.32
Rep1-H2O2-Rep2-0Pi,d072721-120min-0Pi-M4S7-R2,120min,B7,11501,23880,22854,9989.32,39.4,36.95
Rep1-H2O2-Rep2-0Pi,d072721-120min-0Pi-M4S7-R2,120min,B8,12601,11065,10988,4669.47,39.62,38.33
Rep1-H2O2-Rep2-0Pi,d072721-120min-0Pi-M4S7-R2,120min,C5,11811,66228,100003,50367.15,76.02,96.57
Rep1-H2O2-Rep2-0Pi,d072721-120min-0Pi-M4S7-R2,120min,C7,11188,18819,22854,7346.42,37.7,37.82
Rep1-H2O2-Rep2-0Pi,d072721-120min-0Pi-M4S7-R2,120min,D5,13900,72134,90005,44177.05,63.25,59.74
Rep1-H2O2-Rep2-0Pi,d072721-120min-0Pi-M4S7-R2,120min,D7,13170,15664,15116,6720.69,40.27,37.89
Rep1-H2O2-Rep2-0Pi,d072721-120min-0Pi-M4S7-R2,120min,E5,12668,73968,97289,52389.58,72.24,86.93
Rep1-H2O2-Rep2-0Pi,d072721-120min-0Pi-M4S7-R2,120min,E7,12834,16299,16787,7268.91,42,40.74
Rep1-H2O2-Rep2-0Pi,d072721-120min-0Pi-M4S7-R2,120min,F5,14565,5183,7594,5204.02,78.62,62.56
Rep1-H2O2-Rep2-0Pi,d072721-120min-0Pi-M4S7-R2,120min,F7,11597,16007,17151,7052.35,41.83,40.57
Rep1-H2O2-Rep2-0Pi,d072721-120min-0Pi-M4S7-R2,120min,G5,15163,5106,6511,5042.12,77,59.79
Rep1-H2O2-Rep2-0Pi,d072721-120min-0Pi-M4S7-R2,120min,G7,12248,16189,16443,6916.2,40.2,38.78
Rep1-H2O2-Rep2-0Pi,d072721-120min-0Pi-M4S7-R2,120min,H5,15086,4880,5972,5599.98,85.8,62.42
Rep1-H2O2-Rep2-0Pi,d072721-120min-0Pi-M4S7-R2,120min,H7,11971,17166,16776,7365.87,40.35,38.86
Rep1-H2O2-Rep2-0Pi,d072721-120min-0Pi-M4S7-R2,120min,C6,16499,2722,4911,2756.42,82.56,79.74
Rep1-H2O2-Rep2-0Pi,d072721-120min-0Pi-M4S7-R2,120min,C8,11455,12051,13356,5258.4,41.13,40.64
Rep2-H2O2-Rep3-0Pi,d080421-120min-0Pi-M4S7-R3,120min,A5,10210,83485,83296,41497.66,47.69,43.71
Rep2-H2O2-Rep3-0Pi,d080421-120min-0Pi-M4S7-R3,120min,A6,14256,3399,4191,2951.7,75.22,68.97
Rep2-H2O2-Rep3-0Pi,d080421-120min-0Pi-M4S7-R3,120min,A7,10648,25323,23921,10913.5,40.51,39.5
Rep2-H2O2-Rep3-0Pi,d080421-120min-0Pi-M4S7-R3,120min,A8,12038,11448,12099,4939.84,41.11,40.41
Rep2-H2O2-Rep3-0Pi,d080421-120min-0Pi-M4S7-R3,120min,B5,12570,67107,71464,27270.33,38.67,35.67
Rep2-H2O2-Rep3-0Pi,d080421-120min-0Pi-M4S7-R3,120min,B6,14781,3283,5436,2907.97,76.84,68.55
Rep2-H2O2-Rep3-0Pi,d080421-120min-0Pi-M4S7-R3,120min,B7,11163,23916,23920,10432.93,41.25,38.98
Rep2-H2O2-Rep3-0Pi,d080421-120min-0Pi-M4S7-R3,120min,B8,14120,11060,12329,4937.23,41.92,42
Rep2-H2O2-Rep3-0Pi,d080421-120min-0Pi-M4S7-R3,120min,C5,11354,77420,81365,50225.46,65.69,65.94
Rep2-H2O2-Rep3-0Pi,d080421-120min-0Pi-M4S7-R3,120min,C7,11943,17472,17511,7832.52,42.25,42.02
Rep2-H2O2-Rep3-0Pi,d080421-120min-0Pi-M4S7-R3,120min,D5,13765,76522,83419,42811.83,57.18,48.85
Rep2-H2O2-Rep3-0Pi,d080421-120min-0Pi-M4S7-R3,120min,D7,12721,16270,16098,7351.29,42.33,41.24
Rep2-H2O2-Rep3-0Pi,d080421-120min-0Pi-M4S7-R3,120min,E5,11510,80338,85616,53019.54,66.18,65.75
Rep2-H2O2-Rep3-0Pi,d080421-120min-0Pi-M4S7-R3,120min,E7,11935,18327,22865,8138.47,41.96,42.44
Rep2-H2O2-Rep3-0Pi,d080421-120min-0Pi-M4S7-R3,120min,F5,13301,5373,7020,6286.24,85.69,62.42
Rep2-H2O2-Rep3-0Pi,d080421-120min-0Pi-M4S7-R3,120min,F7,11758,16247,16424,6756.91,39.49,40.44
Rep2-H2O2-Rep3-0Pi,d080421-120min-0Pi-M4S7-R3,120min,G5,14483,4967,6320,4111.9,69.02,56.59
Rep2-H2O2-Rep3-0Pi,d080421-120min-0Pi-M4S7-R3,120min,G7,11306,16619,18300,6901.85,40.05,38.87
Rep2-H2O2-Rep3-0Pi,d080421-120min-0Pi-M4S7-R3,120min,H5,13328,4718,5295,3838.52,68.74,56.72
Rep2-H2O2-Rep3-0Pi,d080421-120min-0Pi-M4S7-R3,120min,H7,10575,16262,18675,7454.78,44.32,42.6
Rep2-H2O2-Rep3-0Pi,d080421-120min-0Pi-M4S7-R3,120min,C6,13964,3953,4965,3500.89,74.24,59.47
Rep2-H2O2-Rep3-0Pi,d080421-120min-0Pi-M4S7-R3,120min,C8,11688,12390,12831,5213.7,40.37,39.72
Rep3-H2O2-Ctrl,d080521-120min-H2O2-M4S7-R3,120min,A5,10745,80456,107790,56289.39,68.74,75.68
Rep3-H2O2-Ctrl,d080521-120min-H2O2-M4S7-R3,120min,A6,16367,1868,712,2738.78,97.82,94.85
Rep3-H2O2-Ctrl,d080521-120min-H2O2-M4S7-R3,120min,A7,0,NA,NA,NA,NA,NA
Rep3-H2O2-Ctrl,d080521-120min-H2O2-M4S7-R3,120min,A8,11925,3133,4845,2447.3,68.44,50.87
Rep3-H2O2-Ctrl,d080521-120min-H2O2-M4S7-R3,120min,B5,10709,79343,92359,33528.43,39.99,37.33
Rep3-H2O2-Ctrl,d080521-120min-H2O2-M4S7-R3,120min,B6,15910,2702,3718,2590.18,81.64,87.41
Rep3-H2O2-Ctrl,d080521-120min-H2O2-M4S7-R3,120min,B7,13334,7216,7598,3517.01,44.77,41.17
Rep3-H2O2-Ctrl,d080521-120min-H2O2-M4S7-R3,120min,B8,11727,3177,4424,1947.06,54.87,47.46
Rep3-H2O2-Ctrl,d080521-120min-H2O2-M4S7-R3,120min,C5,12265,19597,107899,60805.05,109.35,135.44
Rep3-H2O2-Ctrl,d080521-120min-H2O2-M4S7-R3,120min,C7,9367,6210,8113,3244.1,47.92,45.93
Rep3-H2O2-Ctrl,d080521-120min-H2O2-M4S7-R3,120min,D5,15305,68019,105108,54472.79,82.84,112.74
Rep3-H2O2-Ctrl,d080521-120min-H2O2-M4S7-R3,120min,D7,11631,5736,6412,2961.15,47.22,44.59
Rep3-H2O2-Ctrl,d080521-120min-H2O2-M4S7-R3,120min,E5,13325,59114,110904,62236.12,91.64,127.67
Rep3-H2O2-Ctrl,d080521-120min-H2O2-M4S7-R3,120min,E7,10037,6248,7482,3347.93,48.82,48.24
Rep3-H2O2-Ctrl,d080521-120min-H2O2-M4S7-R3,120min,F5,15369,4811,6139,4473.47,77.09,65.52
Rep3-H2O2-Ctrl,d080521-120min-H2O2-M4S7-R3,120min,F7,9710,4348,5035,3031.01,61.24,50.8
Rep3-H2O2-Ctrl,d080521-120min-H2O2-M4S7-R3,120min,G5,15419,4291,6227,4451.7,83.96,77.81
Rep3-H2O2-Ctrl,d080521-120min-H2O2-M4S7-R3,120min,G7,10152,4020,4146,3049.27,66.03,51.41
Rep3-H2O2-Ctrl,d080521-120min-H2O2-M4S7-R3,120min,H5,15273,4346,5889,4283.46,81.88,72.12
Rep3-H2O2-Ctrl,d080521-120min-H2O2-M4S7-R3,120min,H7,10316,3931,4426,2713.73,60.41,52.68
Rep3-H2O2-Ctrl,d080521-120min-H2O2-M4S7-R3,120min,C6,16010,3169,5225,3264.15,85.08,91.21
Rep3-H2O2-Ctrl,d080521-120min-H2O2-M4S7-R3,120min,C8,9956,3488,4523,3052.5,74.14,51.8
Rep1-0Pi-Ctrl,d072421-150min-0Pi-M4S7-R1,150min,A9,11081,28111,30162,12651.59,42.92,41.5
Rep1-0Pi-Ctrl,d072421-150min-0Pi-M4S7-R1,150min,A10,13077,10596,12340,4873.04,43.14,41.44
Rep1-0Pi-Ctrl,d072421-150min-0Pi-M4S7-R1,150min,A11,11724,5516,8253,3279.18,53.22,50.69
Rep1-0Pi-Ctrl,d072421-150min-0Pi-M4S7-R1,150min,A12,12734,2288,3455,2419.07,87.63,57.09
Rep1-0Pi-Ctrl,d072421-150min-0Pi-M4S7-R1,150min,B9,12198,24683,26809,12805.42,51.43,41.05
Rep1-0Pi-Ctrl,d072421-150min-0Pi-M4S7-R1,150min,B10,13585,10938,12579,4909.09,42.11,40.22
Rep1-0Pi-Ctrl,d072421-150min-0Pi-M4S7-R1,150min,B11,12438,6156,6511,3464.4,51.12,47.75
Rep1-0Pi-Ctrl,d072421-150min-0Pi-M4S7-R1,150min,B12,13465,2163,2607,1642.65,65.3,53.74
Rep1-0Pi-Ctrl,d072421-150min-0Pi-M4S7-R1,150min,C9,12995,18426,18711,8044.59,41.62,42.12
Rep1-0Pi-Ctrl,d072421-150min-0Pi-M4S7-R1,150min,C11,11091,4777,6412,2753.68,52.1,50.71
Rep1-0Pi-Ctrl,d072421-150min-0Pi-M4S7-R1,150min,D9,14047,16032,16088,7199.29,42.54,39.36
Rep1-0Pi-Ctrl,d072421-150min-0Pi-M4S7-R1,150min,D11,13648,3896,5225,2257.29,51.7,47.51
Rep1-0Pi-Ctrl,d072421-150min-0Pi-M4S7-R1,150min,E9,14173,16949,16413,7558.61,42.04,40.19
Rep1-0Pi-Ctrl,d072421-150min-0Pi-M4S7-R1,150min,E11,11436,4374,5730,2538.37,52.34,50.54
Rep1-0Pi-Ctrl,d072421-150min-0Pi-M4S7-R1,150min,F9,11846,18360,20427,7708.2,40.05,39.3
Rep1-0Pi-Ctrl,d072421-150min-0Pi-M4S7-R1,150min,F11,10934,2856,3680,2123.65,63.66,56.32
Rep1-0Pi-Ctrl,d072421-150min-0Pi-M4S7-R1,150min,G9,11522,18170,20444,8000.1,41.99,41.36
Rep1-0Pi-Ctrl,d072421-150min-0Pi-M4S7-R1,150min,G11,10782,2980,4193,2275.28,65.43,56.67
Rep1-0Pi-Ctrl,d072421-150min-0Pi-M4S7-R1,150min,H9,11088,17398,19111,7763.75,42.44,42.22
Rep1-0Pi-Ctrl,d072421-150min-0Pi-M4S7-R1,150min,H11,10962,3016,3859,2414.67,68.49,55.4
Rep1-0Pi-Ctrl,d072421-150min-0Pi-M4S7-R1,150min,C10,12552,12835,14785,5804.81,43.06,41.71
Rep1-0Pi-Ctrl,d072421-150min-0Pi-M4S7-R1,150min,C12,11065,2614,3000,3120.74,94.95,57.46
Rep1-H2O2-Rep2-0Pi,d072721-150min-0Pi-M4S7-R2,150min,A9,9683,80307,83415,37311.5,43.96,42.51
Rep1-H2O2-Rep2-0Pi,d072721-150min-0Pi-M4S7-R2,150min,A10,14455,2784,4282,2915.78,89.68,85.26
Rep1-H2O2-Rep2-0Pi,d072721-150min-0Pi-M4S7-R2,150min,A11,11133,31300,34805,12903.06,39.31,36.71
Rep1-H2O2-Rep2-0Pi,d072721-150min-0Pi-M4S7-R2,150min,A12,12202,12037,11411,5214.51,40.92,39.17
Rep1-H2O2-Rep2-0Pi,d072721-150min-0Pi-M4S7-R2,150min,B9,9945,60634,71468,27402.62,42.65,42.24
Rep1-H2O2-Rep2-0Pi,d072721-150min-0Pi-M4S7-R2,150min,B10,16439,3096,4471,4050.36,103.78,78.68
Rep1-H2O2-Rep2-0Pi,d072721-150min-0Pi-M4S7-R2,150min,B11,11633,28073,28129,11146.3,37.95,34.29
Rep1-H2O2-Rep2-0Pi,d072721-150min-0Pi-M4S7-R2,150min,B12,12206,12115,13633,5070.7,39.41,37.75
Rep1-H2O2-Rep2-0Pi,d072721-150min-0Pi-M4S7-R2,150min,C9,10930,69125,85480,46044.31,65.28,71.47
Rep1-H2O2-Rep2-0Pi,d072721-150min-0Pi-M4S7-R2,150min,C11,10843,20605,20905,8268.64,38.59,39.07
Rep1-H2O2-Rep2-0Pi,d072721-150min-0Pi-M4S7-R2,150min,D9,13337,69601,85488,39212.93,55,52
Rep1-H2O2-Rep2-0Pi,d072721-150min-0Pi-M4S7-R2,150min,D11,13433,17559,19551,7185.47,38.78,35.8
Rep1-H2O2-Rep2-0Pi,d072721-150min-0Pi-M4S7-R2,150min,E9,10888,71429,97212,48429.93,65.8,69.7
Rep1-H2O2-Rep2-0Pi,d072721-150min-0Pi-M4S7-R2,150min,E11,12066,18994,19986,8112.73,40.33,39.07
Rep1-H2O2-Rep2-0Pi,d072721-150min-0Pi-M4S7-R2,150min,F9,13694,4774,5288,6197.56,95.62,61.09
Rep1-H2O2-Rep2-0Pi,d072721-150min-0Pi-M4S7-R2,150min,F11,11502,19239,20423,7686.81,38.12,36.94
Rep1-H2O2-Rep2-0Pi,d072721-150min-0Pi-M4S7-R2,150min,G9,14275,4695,5224,5750.16,90.75,58.01
Rep1-H2O2-Rep2-0Pi,d072721-150min-0Pi-M4S7-R2,150min,G11,11647,19425,22344,7878.91,38.79,37.67
Rep1-H2O2-Rep2-0Pi,d072721-150min-0Pi-M4S7-R2,150min,H9,13736,4654,5092,6646.85,100.67,61.28
Rep1-H2O2-Rep2-0Pi,d072721-150min-0Pi-M4S7-R2,150min,H11,11169,21096,22845,8495.36,38.56,36.3
Rep1-H2O2-Rep2-0Pi,d072721-150min-0Pi-M4S7-R2,150min,C10,16000,2535,3937,2801.77,89.98,88.02
Rep1-H2O2-Rep2-0Pi,d072721-150min-0Pi-M4S7-R2,150min,C12,11708,13440,13354,5636.38,39.81,38.98
Rep2-H2O2-Rep3-0Pi,d080421-150min-0Pi-M4S7-R3,150min,A9,9808,73649,81268,36047.14,46.57,44.02
Rep2-H2O2-Rep3-0Pi,d080421-150min-0Pi-M4S7-R3,150min,A10,13198,3135,3824,2649.3,74.75,70.39
Rep2-H2O2-Rep3-0Pi,d080421-150min-0Pi-M4S7-R3,150min,A11,9966,30200,31621,12574.4,39.42,37.04
Rep2-H2O2-Rep3-0Pi,d080421-150min-0Pi-M4S7-R3,150min,A12,10407,13352,15113,5689.46,40.88,41.06
Rep2-H2O2-Rep3-0Pi,d080421-150min-0Pi-M4S7-R3,150min,B9,9378,63178,67891,32468.89,49.83,45.86
Rep2-H2O2-Rep3-0Pi,d080421-150min-0Pi-M4S7-R3,150min,B10,14139,3053,5092,3233.73,89.89,75.27
Rep2-H2O2-Rep3-0Pi,d080421-150min-0Pi-M4S7-R3,150min,B11,11702,26131,28796,10518.87,38.32,35.75
Rep2-H2O2-Rep3-0Pi,d080421-150min-0Pi-M4S7-R3,150min,B12,11648,12284,12092,5350.22,41.06,41.19
Rep2-H2O2-Rep3-0Pi,d080421-150min-0Pi-M4S7-R3,150min,C9,10666,71249,87747,42363.15,57.86,56.19
Rep2-H2O2-Rep3-0Pi,d080421-150min-0Pi-M4S7-R3,150min,C11,10594,21164,23379,8643.56,39.43,38.78
Rep2-H2O2-Rep3-0Pi,d080421-150min-0Pi-M4S7-R3,150min,D9,10327,78388,92359,47113.34,60.08,56.8
Rep2-H2O2-Rep3-0Pi,d080421-150min-0Pi-M4S7-R3,150min,D11,12545,17896,16436,7728.8,40.73,38.59
Rep2-H2O2-Rep3-0Pi,d080421-150min-0Pi-M4S7-R3,150min,E9,10417,80164,92419,45239.77,55.72,53.7
Rep2-H2O2-Rep3-0Pi,d080421-150min-0Pi-M4S7-R3,150min,E11,11190,21251,22355,8845.19,40.06,41.27
Rep2-H2O2-Rep3-0Pi,d080421-150min-0Pi-M4S7-R3,150min,F9,12521,5125,5809,7739.15,102.65,62.4
Rep2-H2O2-Rep3-0Pi,d080421-150min-0Pi-M4S7-R3,150min,F11,10872,19458,20899,7762.73,38.14,37
Rep2-H2O2-Rep3-0Pi,d080421-150min-0Pi-M4S7-R3,150min,G9,11706,5057,5655,5373.34,83.65,58.81
Rep2-H2O2-Rep3-0Pi,d080421-150min-0Pi-M4S7-R3,150min,G11,10881,18393,20429,7982.19,41.87,39.66
Rep2-H2O2-Rep3-0Pi,d080421-150min-0Pi-M4S7-R3,150min,H9,12227,4579,5737,4585.75,81.83,58.67
Rep2-H2O2-Rep3-0Pi,d080421-150min-0Pi-M4S7-R3,150min,H11,10520,18438,21832,8477.12,44.66,41.2
Rep2-H2O2-Rep3-0Pi,d080421-150min-0Pi-M4S7-R3,150min,C10,13946,3780,4850,3782.62,81.57,61.21
Rep2-H2O2-Rep3-0Pi,d080421-150min-0Pi-M4S7-R3,150min,C12,11318,13834,14800,5740.21,39.64,39.28
Rep3-H2O2-Ctrl,d080521-150min-H2O2-M4S7-R3,150min,A9,10364,77666,110682,50315.92,62.43,64.78
Rep3-H2O2-Ctrl,d080521-150min-H2O2-M4S7-R3,150min,A10,16695,1545,632,2738.12,103.98,97.3
Rep3-H2O2-Ctrl,d080521-150min-H2O2-M4S7-R3,150min,A11,10682,6848,8111,3820.91,50.44,48.8
Rep3-H2O2-Ctrl,d080521-150min-H2O2-M4S7-R3,150min,A12,10454,2888,4060,2973.12,86.18,55.34
Rep3-H2O2-Ctrl,d080521-150min-H2O2-M4S7-R3,150min,B9,9096,76188,85642,34134.09,42.54,41.64
Rep3-H2O2-Ctrl,d080521-150min-H2O2-M4S7-R3,150min,B10,15976,2551,4626,2821.49,93.53,94.04
Rep3-H2O2-Ctrl,d080521-150min-H2O2-M4S7-R3,150min,B11,10716,7808,9654,4105.01,47.81,45.98
Rep3-H2O2-Ctrl,d080521-150min-H2O2-M4S7-R3,150min,B12,12044,2903,3680,1863.44,56.81,50.52
Rep3-H2O2-Ctrl,d080521-150min-H2O2-M4S7-R3,150min,C9,11725,45433,105157,61443.45,96.51,128.55
Rep3-H2O2-Ctrl,d080521-150min-H2O2-M4S7-R3,150min,C11,10174,5504,5505,3044.32,49.9,49.16
Rep3-H2O2-Ctrl,d080521-150min-H2O2-M4S7-R3,150min,D9,14646,78223,102575,53085.81,70.01,76.28
Rep3-H2O2-Ctrl,d080521-150min-H2O2-M4S7-R3,150min,D11,12234,4886,5807,2643.53,48.66,46.76
Rep3-H2O2-Ctrl,d080521-150min-H2O2-M4S7-R3,150min,E9,11550,73198,107992,62129.2,82.69,110.36
Rep3-H2O2-Ctrl,d080521-150min-H2O2-M4S7-R3,150min,E11,10305,5465,6503,3065.17,50.77,49.65
Rep3-H2O2-Ctrl,d080521-150min-H2O2-M4S7-R3,150min,F9,14819,4393,5291,4621.8,87.21,64.12
Rep3-H2O2-Ctrl,d080521-150min-H2O2-M4S7-R3,150min,F11,10233,3521,4680,2608.39,64.35,52.55
Rep3-H2O2-Ctrl,d080521-150min-H2O2-M4S7-R3,150min,G9,15400,4101,5974,4715.09,92.74,76.71
Rep3-H2O2-Ctrl,d080521-150min-H2O2-M4S7-R3,150min,G11,11016,3378,4235,2336.13,60.5,53.05
Rep3-H2O2-Ctrl,d080521-150min-H2O2-M4S7-R3,150min,H9,16101,4135,5578,4287.62,86.36,71.53
Rep3-H2O2-Ctrl,d080521-150min-H2O2-M4S7-R3,150min,H11,10504,3306,4281,2773.64,72.82,52.94
Rep3-H2O2-Ctrl,d080521-150min-H2O2-M4S7-R3,150min,C10,15710,2938,5227,3275.12,91.55,97.39
Rep3-H2O2-Ctrl,d080521-150min-H2O2-M4S7-R3,150min,C12,10539,2963,4576,2900.08,81.54,54.64
Rep1-0Pi-Ctrl,d072421-180min-0Pi-M4S7-R1,180min,A1,11221,29660,33201,13149.21,42.6,39.52
Rep1-0Pi-Ctrl,d072421-180min-0Pi-M4S7-R1,180min,A2,10316,12059,12339,5447.97,42.93,41.96
Rep1-0Pi-Ctrl,d072421-180min-0Pi-M4S7-R1,180min,A3,10931,5705,7486,3268.98,51.65,48.83
Rep1-0Pi-Ctrl,d072421-180min-0Pi-M4S7-R1,180min,A4,11798,2424,3097,2428.97,82.12,59.21
Rep1-0Pi-Ctrl,d072421-180min-0Pi-M4S7-R1,180min,B1,11622,27992,29462,11857.25,40.53,37.18
Rep1-0Pi-Ctrl,d072421-180min-0Pi-M4S7-R1,180min,B2,12210,12235,13362,5486.68,42.26,40.43
Rep1-0Pi-Ctrl,d072421-180min-0Pi-M4S7-R1,180min,B3,10880,6603,7595,3738.46,51.02,47.34
Rep1-0Pi-Ctrl,d072421-180min-0Pi-M4S7-R1,180min,B4,11673,2393,3050,1918.24,67.59,58.49
Rep1-0Pi-Ctrl,d072421-180min-0Pi-M4S7-R1,180min,C1,13482,18915,17504,8161.22,40.87,40.02
Rep1-0Pi-Ctrl,d072421-180min-0Pi-M4S7-R1,180min,C3,11328,4798,5572,2861.06,53.7,51.01
Rep1-0Pi-Ctrl,d072421-180min-0Pi-M4S7-R1,180min,D1,13057,18045,20890,7818.58,41.23,38.82
Rep1-0Pi-Ctrl,d072421-180min-0Pi-M4S7-R1,180min,D3,11237,4061,4853,2314.77,51.24,48.7
Rep1-0Pi-Ctrl,d072421-180min-0Pi-M4S7-R1,180min,E1,13967,19047,21860,8587.21,42.8,42.03
Rep1-0Pi-Ctrl,d072421-180min-0Pi-M4S7-R1,180min,E3,12135,4131,4739,2350.51,51.46,48.52
Rep1-0Pi-Ctrl,d072421-180min-0Pi-M4S7-R1,180min,F1,12678,20077,21838,8670.29,41.33,41.23
Rep1-0Pi-Ctrl,d072421-180min-0Pi-M4S7-R1,180min,F3,10870,2940,4105,2218.43,64.63,56.63
Rep1-0Pi-Ctrl,d072421-180min-0Pi-M4S7-R1,180min,G1,12479,18800,21358,8535.7,43.08,43
Rep1-0Pi-Ctrl,d072421-180min-0Pi-M4S7-R1,180min,G3,10957,3005,4738,2437.2,68.76,56.84
Rep1-0Pi-Ctrl,d072421-180min-0Pi-M4S7-R1,180min,H1,12054,19730,20881,8627.76,41.89,40.71
Rep1-0Pi-Ctrl,d072421-180min-0Pi-M4S7-R1,180min,H3,10723,3124,4522,2659.33,72.72,55.05
Rep1-0Pi-Ctrl,d072421-180min-0Pi-M4S7-R1,180min,C2,11216,13484,14781,5843.68,41.37,41.77
Rep1-0Pi-Ctrl,d072421-180min-0Pi-M4S7-R1,180min,C4,10122,2676,3825,3615.9,105.31,59.34
Rep1-H2O2-Rep2-0Pi,d072721-180min-0Pi-M4S7-R2,180min,A1,9292,63740,59850,31213.35,45.04,43.77
Rep1-H2O2-Rep2-0Pi,d072721-180min-0Pi-M4S7-R2,180min,A2,14942,2604,4325,2911.05,93.55,89.66
Rep1-H2O2-Rep2-0Pi,d072721-180min-0Pi-M4S7-R2,180min,A3,10722,33389,36542,13552.94,38.74,36.21
Rep1-H2O2-Rep2-0Pi,d072721-180min-0Pi-M4S7-R2,180min,A4,11621,13315,16439,5786.95,41.25,40.19
Rep1-H2O2-Rep2-0Pi,d072721-180min-0Pi-M4S7-R2,180min,B1,9806,50192,44355,26263.18,47.4,47.91
Rep1-H2O2-Rep2-0Pi,d072721-180min-0Pi-M4S7-R2,180min,B2,12305,3005,3938,4480.73,117.72,81.65
Rep1-H2O2-Rep2-0Pi,d072721-180min-0Pi-M4S7-R2,180min,B3,10614,32476,31635,13080.94,38.53,35.48
Rep1-H2O2-Rep2-0Pi,d072721-180min-0Pi-M4S7-R2,180min,B4,12094,12823,13898,5115.13,37.89,35.61
Rep1-H2O2-Rep2-0Pi,d072721-180min-0Pi-M4S7-R2,180min,C1,10680,64658,69620,39394.84,57.84,57.09
Rep1-H2O2-Rep2-0Pi,d072721-180min-0Pi-M4S7-R2,180min,C3,10873,23132,29493,9321,38.84,39.96
Rep1-H2O2-Rep2-0Pi,d072721-180min-0Pi-M4S7-R2,180min,D1,12748,61145,67857,32297.85,49.78,44.59
Rep1-H2O2-Rep2-0Pi,d072721-180min-0Pi-M4S7-R2,180min,D3,11365,19349,21382,7871.97,38.89,36.88
Rep1-H2O2-Rep2-0Pi,d072721-180min-0Pi-M4S7-R2,180min,E1,10498,67553,66302,40103.74,55.93,52.86
Rep1-H2O2-Rep2-0Pi,d072721-180min-0Pi-M4S7-R2,180min,E3,11662,19548,20895,8029.91,39.34,38.46
Rep1-H2O2-Rep2-0Pi,d072721-180min-0Pi-M4S7-R2,180min,F1,13026,4580,5293,5448.56,88.49,59
Rep1-H2O2-Rep2-0Pi,d072721-180min-0Pi-M4S7-R2,180min,F3,10810,19966,22352,8622.88,40.64,39.65
Rep1-H2O2-Rep2-0Pi,d072721-180min-0Pi-M4S7-R2,180min,G1,13151,4685,4852,5872.82,90.79,59.75
Rep1-H2O2-Rep2-0Pi,d072721-180min-0Pi-M4S7-R2,180min,G3,10984,20989,21355,8596.31,38.95,36.86
Rep1-H2O2-Rep2-0Pi,d072721-180min-0Pi-M4S7-R2,180min,H1,12983,4458,4528,6356.66,98.72,61.59
Rep1-H2O2-Rep2-0Pi,d072721-180min-0Pi-M4S7-R2,180min,H3,9764,21367,21827,8534.99,38.17,36.63
Rep1-H2O2-Rep2-0Pi,d072721-180min-0Pi-M4S7-R2,180min,C2,16574,2382,4475,2702.37,93,90.9
Rep1-H2O2-Rep2-0Pi,d072721-180min-0Pi-M4S7-R2,180min,C4,11512,14851,17889,6083.68,39.19,38.53
Rep2-H2O2-Rep3-0Pi,d080421-180min-0Pi-M4S7-R3,180min,A1,11013,63033,71505,35465.97,53.5,47.18
Rep2-H2O2-Rep3-0Pi,d080421-180min-0Pi-M4S7-R3,180min,A2,15152,3183,4792,3297.78,89.23,75.57
Rep2-H2O2-Rep3-0Pi,d080421-180min-0Pi-M4S7-R3,180min,A3,9814,34805,35655,14443.96,39.78,37.95
Rep2-H2O2-Rep3-0Pi,d080421-180min-0Pi-M4S7-R3,180min,A4,10824,13452,15733,5883.34,41.45,42.08
Rep2-H2O2-Rep3-0Pi,d080421-180min-0Pi-M4S7-R3,180min,B1,12327,50556,54126,26141.96,47.73,45.15
Rep2-H2O2-Rep3-0Pi,d080421-180min-0Pi-M4S7-R3,180min,B2,15451,3102,3863,3624.01,98.97,73.89
Rep2-H2O2-Rep3-0Pi,d080421-180min-0Pi-M4S7-R3,180min,B3,10678,33558,39316,13929.37,39.78,38.04
Rep2-H2O2-Rep3-0Pi,d080421-180min-0Pi-M4S7-R3,180min,B4,11368,14105,16778,6029.33,40.86,41.42
Rep2-H2O2-Rep3-0Pi,d080421-180min-0Pi-M4S7-R3,180min,C1,11595,65233,68017,40625.44,58.79,58.34
Rep2-H2O2-Rep3-0Pi,d080421-180min-0Pi-M4S7-R3,180min,C3,11239,22402,25631,9167.99,39.29,39.81
Rep2-H2O2-Rep3-0Pi,d080421-180min-0Pi-M4S7-R3,180min,D1,12749,65389,64519,34721.29,49.94,42.49
Rep2-H2O2-Rep3-0Pi,d080421-180min-0Pi-M4S7-R3,180min,D3,12933,19020,19971,8191.68,40.8,38.91
Rep2-H2O2-Rep3-0Pi,d080421-180min-0Pi-M4S7-R3,180min,E1,11454,68914,64603,38209.07,51.13,48.31
Rep2-H2O2-Rep3-0Pi,d080421-180min-0Pi-M4S7-R3,180min,E3,11412,21219,24479,9250.18,41.59,42.53
Rep2-H2O2-Rep3-0Pi,d080421-180min-0Pi-M4S7-R3,180min,F1,13016,5361,5155,7826.28,97.58,68.37
Rep2-H2O2-Rep3-0Pi,d080421-180min-0Pi-M4S7-R3,180min,F3,10377,20566,22840,8729.07,40,40.33
Rep2-H2O2-Rep3-0Pi,d080421-180min-0Pi-M4S7-R3,180min,G1,13741,4978,4968,4988.91,78.47,55.9
Rep2-H2O2-Rep3-0Pi,d080421-180min-0Pi-M4S7-R3,180min,G3,11530,19062,19977,7890.21,39.18,38.88
Rep2-H2O2-Rep3-0Pi,d080421-180min-0Pi-M4S7-R3,180min,H1,14975,4536,5435,3992.31,73.06,55.47
Rep2-H2O2-Rep3-0Pi,d080421-180min-0Pi-M4S7-R3,180min,H3,11362,18915,21834,7818.86,39.2,37.94
Rep2-H2O2-Rep3-0Pi,d080421-180min-0Pi-M4S7-R3,180min,C2,13878,3705,5036,4176.2,89.12,61.26
Rep2-H2O2-Rep3-0Pi,d080421-180min-0Pi-M4S7-R3,180min,C4,11506,14624,15728,6120.78,39.99,40.12
Rep3-H2O2-Ctrl,d080521-180min-H2O2-M4S7-R3,180min,A1,9833,71150,73455,42156.15,55.41,54.88
Rep3-H2O2-Ctrl,d080521-180min-H2O2-M4S7-R3,180min,A2,16809,1352,610,2709.19,107.55,94.42
Rep3-H2O2-Ctrl,d080521-180min-H2O2-M4S7-R3,180min,A3,11015,6746,7601,3826.27,50.91,46.72
Rep3-H2O2-Ctrl,d080521-180min-H2O2-M4S7-R3,180min,A4,11493,3061,4147,2977.73,81.89,55.75
Rep3-H2O2-Ctrl,d080521-180min-H2O2-M4S7-R3,180min,B1,9776,60533,51561,32019.14,48.02,50.83
Rep3-H2O2-Ctrl,d080521-180min-H2O2-M4S7-R3,180min,B2,14516,2480,4582,3038.1,101.35,96.85
Rep3-H2O2-Ctrl,d080521-180min-H2O2-M4S7-R3,180min,B3,9702,7822,8974,4110.4,47.43,44.5
Rep3-H2O2-Ctrl,d080521-180min-H2O2-M4S7-R3,180min,B4,11746,3179,3863,2626.8,71.18,54.27
Rep3-H2O2-Ctrl,d080521-180min-H2O2-M4S7-R3,180min,C1,11024,62373,113613,58022.43,84.54,113.51
Rep3-H2O2-Ctrl,d080521-180min-H2O2-M4S7-R3,180min,C3,10729,5762,7717,3170.4,49.67,49.2
Rep3-H2O2-Ctrl,d080521-180min-H2O2-M4S7-R3,180min,D1,11602,79304,90034,52757.37,66.23,67.44
Rep3-H2O2-Ctrl,d080521-180min-H2O2-M4S7-R3,180min,D3,11336,5150,5806,2745.2,48.21,44.83
Rep3-H2O2-Ctrl,d080521-180min-H2O2-M4S7-R3,180min,E1,11684,80826,85531,56686.74,69.46,78.78
Rep3-H2O2-Ctrl,d080521-180min-H2O2-M4S7-R3,180min,E3,10908,5584,6323,3131.98,50.86,48.45
Rep3-H2O2-Ctrl,d080521-180min-H2O2-M4S7-R3,180min,F1,14895,4346,5094,4711.77,89.41,62.63
Rep3-H2O2-Ctrl,d080521-180min-H2O2-M4S7-R3,180min,F3,10587,3580,4682,3012.89,72.98,53.26
Rep3-H2O2-Ctrl,d080521-180min-H2O2-M4S7-R3,180min,G1,12611,4004,4969,4693.43,95.35,76.68
Rep3-H2O2-Ctrl,d080521-180min-H2O2-M4S7-R3,180min,G3,10509,3426,4737,2637.18,67.09,52.54
Rep3-H2O2-Ctrl,d080521-180min-H2O2-M4S7-R3,180min,H1,14865,3977,5155,4694.71,96.96,73.37
Rep3-H2O2-Ctrl,d080521-180min-H2O2-M4S7-R3,180min,H3,10781,3467,5971,2550.68,63.58,53.54
Rep3-H2O2-Ctrl,d080521-180min-H2O2-M4S7-R3,180min,C2,13645,2901,5033,3418.23,96.41,98.89
Rep3-H2O2-Ctrl,d080521-180min-H2O2-M4S7-R3,180min,C4,10272,3030,4328,3431.35,91.85,56.77
Rep1-0Pi-Ctrl,d072421-210min-0Pi-M4S7-R1,210min,A5,10876,32346,31646,14858.35,44.42,41.12
Rep1-0Pi-Ctrl,d072421-210min-0Pi-M4S7-R1,210min,A6,10525,12607,13364,5597.88,42.23,42.82
Rep1-0Pi-Ctrl,d072421-210min-0Pi-M4S7-R1,210min,A7,12262,5751,8110,3546.55,55.57,50.08
Rep1-0Pi-Ctrl,d072421-210min-0Pi-M4S7-R1,210min,A8,10088,2689,4188,2844.64,85.08,62.85
Rep1-0Pi-Ctrl,d072421-210min-0Pi-M4S7-R1,210min,B5,10877,30484,30872,13509.08,43.13,38.15
Rep1-0Pi-Ctrl,d072421-210min-0Pi-M4S7-R1,210min,B6,11188,13145,13913,5685.65,41.29,40.31
Rep1-0Pi-Ctrl,d072421-210min-0Pi-M4S7-R1,210min,B7,10876,6831,8387,3915.6,52.95,47.31
Rep1-0Pi-Ctrl,d072421-210min-0Pi-M4S7-R1,210min,B8,12516,2587,4101,2201.6,70.82,60.52
Rep1-0Pi-Ctrl,d072421-210min-0Pi-M4S7-R1,210min,C5,13009,18970,18691,8347.46,41.71,40.85
Rep1-0Pi-Ctrl,d072421-210min-0Pi-M4S7-R1,210min,C7,11109,5537,5975,3522.84,56.91,51.95
Rep1-0Pi-Ctrl,d072421-210min-0Pi-M4S7-R1,210min,D5,13071,17669,18712,7605.54,41.04,39.57
Rep1-0Pi-Ctrl,d072421-210min-0Pi-M4S7-R1,210min,D7,9454,4869,7021,2976.7,55.35,52.53
Rep1-0Pi-Ctrl,d072421-210min-0Pi-M4S7-R1,210min,E5,13546,18333,18710,8465.89,43.56,41.89
Rep1-0Pi-Ctrl,d072421-210min-0Pi-M4S7-R1,210min,E7,9823,5297,6807,3209.15,55.27,52.59
Rep1-0Pi-Ctrl,d072421-210min-0Pi-M4S7-R1,210min,F5,12007,19287,21859,8840.81,43.51,42.76
Rep1-0Pi-Ctrl,d072421-210min-0Pi-M4S7-R1,210min,F7,11309,3384,4235,2848.17,70.38,58.97
Rep1-0Pi-Ctrl,d072421-210min-0Pi-M4S7-R1,210min,G5,11946,21486,23938,9615.53,42.71,43
Rep1-0Pi-Ctrl,d072421-210min-0Pi-M4S7-R1,210min,G7,10444,3616,3791,3222.15,74.87,60.87
Rep1-0Pi-Ctrl,d072421-210min-0Pi-M4S7-R1,210min,H5,12549,19663,22350,8971.22,43.15,43.63
Rep1-0Pi-Ctrl,d072421-210min-0Pi-M4S7-R1,210min,H7,11293,3424,3826,2932.8,71.88,57.07
Rep1-0Pi-Ctrl,d072421-210min-0Pi-M4S7-R1,210min,C6,9756,13825,14788,6103.68,41.96,42.38
Rep1-0Pi-Ctrl,d072421-210min-0Pi-M4S7-R1,210min,C8,10998,3141,5288,3924.48,96.89,65.7
Rep1-H2O2-Rep2-0Pi,d072721-210min-0Pi-M4S7-R2,210min,A5,9301,59497,69719,29017.58,44.79,40.75
Rep1-H2O2-Rep2-0Pi,d072721-210min-0Pi-M4S7-R2,210min,A6,16993,2475,3977,2880.52,98.03,96.32
Rep1-H2O2-Rep2-0Pi,d072721-210min-0Pi-M4S7-R2,210min,A7,12026,36559,36543,14851.68,39.39,35.62
Rep1-H2O2-Rep2-0Pi,d072721-210min-0Pi-M4S7-R2,210min,A8,12484,14636,14502,6052.43,39.66,39.61
Rep1-H2O2-Rep2-0Pi,d072721-210min-0Pi-M4S7-R2,210min,B5,9698,42719,36534,23525.46,49.02,45.49
Rep1-H2O2-Rep2-0Pi,d072721-210min-0Pi-M4S7-R2,210min,B6,18230,2892,3714,4643.85,121.07,91.61
Rep1-H2O2-Rep2-0Pi,d072721-210min-0Pi-M4S7-R2,210min,B7,11725,34869,35676,13713.1,38.13,35.68
Rep1-H2O2-Rep2-0Pi,d072721-210min-0Pi-M4S7-R2,210min,B8,11392,15207,18700,5989.85,37.54,36.82
Rep1-H2O2-Rep2-0Pi,d072721-210min-0Pi-M4S7-R2,210min,C5,10435,57311,61391,34052.2,54.37,49.31
Rep1-H2O2-Rep2-0Pi,d072721-210min-0Pi-M4S7-R2,210min,C7,10305,23227,28124,9180.97,38.14,38.94
Rep1-H2O2-Rep2-0Pi,d072721-210min-0Pi-M4S7-R2,210min,D5,13374,57654,64639,28261.08,46.55,39.92
Rep1-H2O2-Rep2-0Pi,d072721-210min-0Pi-M4S7-R2,210min,D7,12256,20715,19961,8545.24,39.31,39.02
Rep1-H2O2-Rep2-0Pi,d072721-210min-0Pi-M4S7-R2,210min,E5,11810,62346,63029,32810.42,49.31,43.95
Rep1-H2O2-Rep2-0Pi,d072721-210min-0Pi-M4S7-R2,210min,E7,12015,21569,23383,8938.97,39.96,38.59
Rep1-H2O2-Rep2-0Pi,d072721-210min-0Pi-M4S7-R2,210min,F5,10268,4338,3977,5146.86,88.26,58.58
Rep1-H2O2-Rep2-0Pi,d072721-210min-0Pi-M4S7-R2,210min,F7,10951,23587,25651,9497.46,38.58,37.32
Rep1-H2O2-Rep2-0Pi,d072721-210min-0Pi-M4S7-R2,210min,G5,13032,4652,4974,5667.44,87.78,61.32
Rep1-H2O2-Rep2-0Pi,d072721-210min-0Pi-M4S7-R2,210min,G7,11522,22596,21821,9705.12,41.08,41.08
Rep1-H2O2-Rep2-0Pi,d072721-210min-0Pi-M4S7-R2,210min,H5,12813,4697,5359,6375.83,93.59,67.26
Rep1-H2O2-Rep2-0Pi,d072721-210min-0Pi-M4S7-R2,210min,H7,11216,23621,25614,9900.37,40.16,39.14
Rep1-H2O2-Rep2-0Pi,d072721-210min-0Pi-M4S7-R2,210min,C6,17715,2105,735,2520.48,94.69,96.99
Rep1-H2O2-Rep2-0Pi,d072721-210min-0Pi-M4S7-R2,210min,C8,11212,15101,16091,6110.87,38.79,39.41
Rep2-H2O2-Rep3-0Pi,d080421-210min-0Pi-M4S7-R3,210min,A5,9659,51790,50283,25252.81,45.16,41.08
Rep2-H2O2-Rep3-0Pi,d080421-210min-0Pi-M4S7-R3,210min,A6,16230,3058,4475,3093.91,87.66,79.99
Rep2-H2O2-Rep3-0Pi,d080421-210min-0Pi-M4S7-R3,210min,A7,10694,35511,35682,15106.22,40.69,38.65
Rep2-H2O2-Rep3-0Pi,d080421-210min-0Pi-M4S7-R3,210min,A8,10327,13935,15452,6130.09,41.71,42.92
Rep2-H2O2-Rep3-0Pi,d080421-210min-0Pi-M4S7-R3,210min,B5,11148,39993,36544,20482.05,46.53,42.97
Rep2-H2O2-Rep3-0Pi,d080421-210min-0Pi-M4S7-R3,210min,B6,16527,3005,3648,3448.32,97.86,77.9
Rep2-H2O2-Rep3-0Pi,d080421-210min-0Pi-M4S7-R3,210min,B7,11130,33745,36565,14487.18,41.62,39.09
Rep2-H2O2-Rep3-0Pi,d080421-210min-0Pi-M4S7-R3,210min,B8,10813,13256,13348,5620.58,40.35,40.08
Rep2-H2O2-Rep3-0Pi,d080421-210min-0Pi-M4S7-R3,210min,C5,9570,56209,58430,30330.13,50,46.33
Rep2-H2O2-Rep3-0Pi,d080421-210min-0Pi-M4S7-R3,210min,C7,12297,20227,22360,9183.42,42.74,42.42
Rep2-H2O2-Rep3-0Pi,d080421-210min-0Pi-M4S7-R3,210min,D5,11900,58452,62983,29162.76,46.89,42.24
Rep2-H2O2-Rep3-0Pi,d080421-210min-0Pi-M4S7-R3,210min,D7,13631,19447,20407,8394.16,41.27,40.16
Rep2-H2O2-Rep3-0Pi,d080421-210min-0Pi-M4S7-R3,210min,E5,10873,59291,52858,31988.08,50.13,45.46
Rep2-H2O2-Rep3-0Pi,d080421-210min-0Pi-M4S7-R3,210min,E7,11411,21336,21827,9401.14,42.06,42.33
Rep2-H2O2-Rep3-0Pi,d080421-210min-0Pi-M4S7-R3,210min,F5,13150,5366,4797,7521.57,93.71,71.09
Rep2-H2O2-Rep3-0Pi,d080421-210min-0Pi-M4S7-R3,210min,F7,10727,22166,22865,9343.16,39.9,39.68
Rep2-H2O2-Rep3-0Pi,d080421-210min-0Pi-M4S7-R3,210min,G5,14655,4425,4739,4748.54,83.11,54.58
Rep2-H2O2-Rep3-0Pi,d080421-210min-0Pi-M4S7-R3,210min,G7,10571,22485,27533,9238.94,39.54,39.98
Rep2-H2O2-Rep3-0Pi,d080421-210min-0Pi-M4S7-R3,210min,H5,15078,4288,4473,4188.86,78.56,57.27
Rep2-H2O2-Rep3-0Pi,d080421-210min-0Pi-M4S7-R3,210min,H7,10504,21642,25639,9489.39,41.58,42.34
Rep2-H2O2-Rep3-0Pi,d080421-210min-0Pi-M4S7-R3,210min,C6,14121,3585,5030,4084.44,89.26,61.83
Rep2-H2O2-Rep3-0Pi,d080421-210min-0Pi-M4S7-R3,210min,C8,10938,15067,16775,6554.8,41.8,41.81
Rep3-H2O2-Ctrl,d080521-210min-H2O2-M4S7-R3,210min,A5,10055,62318,71556,35006.87,51.95,49.53
Rep3-H2O2-Ctrl,d080521-210min-H2O2-M4S7-R3,210min,A6,17380,1235,609,2761.23,114.16,92.44
Rep3-H2O2-Ctrl,d080521-210min-H2O2-M4S7-R3,210min,A7,10866,7679,9151,4035.8,48.42,46.39
Rep3-H2O2-Ctrl,d080521-210min-H2O2-M4S7-R3,210min,A8,10407,3399,4373,3512.58,85.48,57.18
Rep3-H2O2-Ctrl,d080521-210min-H2O2-M4S7-R3,210min,B5,9805,48132,38315,27643.71,50.55,47.77
Rep3-H2O2-Ctrl,d080521-210min-H2O2-M4S7-R3,210min,B6,16214,2251,4061,2990.78,106.2,100.56
Rep3-H2O2-Ctrl,d080521-210min-H2O2-M4S7-R3,210min,B7,11283,8578,8387,4402.32,47.11,45.61
Rep3-H2O2-Ctrl,d080521-210min-H2O2-M4S7-R3,210min,B8,11288,3538,4377,2704.44,66.02,55.93
Rep3-H2O2-Ctrl,d080521-210min-H2O2-M4S7-R3,210min,C5,10431,68634,94754,54599.66,75.57,88.98
Rep3-H2O2-Ctrl,d080521-210min-H2O2-M4S7-R3,210min,C7,11198,6390,6228,3487.06,50.09,48.08
Rep3-H2O2-Ctrl,d080521-210min-H2O2-M4S7-R3,210min,D5,13953,77002,83360,43841.92,56.18,48.12
Rep3-H2O2-Ctrl,d080521-210min-H2O2-M4S7-R3,210min,D7,12937,5562,7250,3242.71,54.44,50.3
Rep3-H2O2-Ctrl,d080521-210min-H2O2-M4S7-R3,210min,E5,10113,78445,92497,51382.11,62.78,62.99
Rep3-H2O2-Ctrl,d080521-210min-H2O2-M4S7-R3,210min,E7,10630,6235,6708,3564.65,52.9,49.84
Rep3-H2O2-Ctrl,d080521-210min-H2O2-M4S7-R3,210min,F5,14165,4311,5096,5076.96,95.63,62.76
Rep3-H2O2-Ctrl,d080521-210min-H2O2-M4S7-R3,210min,F7,11080,3670,4376,2932,68.37,54.44
Rep3-H2O2-Ctrl,d080521-210min-H2O2-M4S7-R3,210min,G5,12552,3788,4281,4550.44,97.93,80.72
Rep3-H2O2-Ctrl,d080521-210min-H2O2-M4S7-R3,210min,G7,9773,3587,4735,2903.74,70.29,58.24
Rep3-H2O2-Ctrl,d080521-210min-H2O2-M4S7-R3,210min,H5,16175,3896,4527,4258.85,91.42,72.84
Rep3-H2O2-Ctrl,d080521-210min-H2O2-M4S7-R3,210min,H7,10624,3661,4852,2787.02,66.37,56.43
Rep3-H2O2-Ctrl,d080521-210min-H2O2-M4S7-R3,210min,C6,12223,2383,4422,3314.11,104.09,102.66
Rep3-H2O2-Ctrl,d080521-210min-H2O2-M4S7-R3,210min,C8,9641,3335,4795,4068.92,98.47,58.73
Rep1-0Pi-Ctrl,d072421-240min-0Pi-M4S7-R1,240min,A9,12114,32718,34834,14205.1,42.18,38.56
Rep1-0Pi-Ctrl,d072421-240min-0Pi-M4S7-R1,240min,A10,11451,14423,16780,6400.21,42.7,43.43
Rep1-0Pi-Ctrl,d072421-240min-0Pi-M4S7-R1,240min,A11,10299,7054,7133,4801.9,60.05,53.34
Rep1-0Pi-Ctrl,d072421-240min-0Pi-M4S7-R1,240min,A12,10587,3634,5887,3790.6,81.89,69.72
Rep1-0Pi-Ctrl,d072421-240min-0Pi-M4S7-R1,240min,B9,14311,30486,33997,12010.72,38.43,36.33
Rep1-0Pi-Ctrl,d072421-240min-0Pi-M4S7-R1,240min,B10,10393,12845,13916,5632.34,41.87,40.19
Rep1-0Pi-Ctrl,d072421-240min-0Pi-M4S7-R1,240min,B11,10492,8176,10016,5253.15,57.91,51.41
Rep1-0Pi-Ctrl,d072421-240min-0Pi-M4S7-R1,240min,B12,9393,3508,4372,3602.76,81.42,67.37
Rep1-0Pi-Ctrl,d072421-240min-0Pi-M4S7-R1,240min,C9,12615,19162,20432,8297.66,41.24,40.77
Rep1-0Pi-Ctrl,d072421-240min-0Pi-M4S7-R1,240min,C11,10226,6724,8107,4487.28,59.08,54.7
Rep1-0Pi-Ctrl,d072421-240min-0Pi-M4S7-R1,240min,D9,13056,17490,17146,7444.16,40.7,38.19
Rep1-0Pi-Ctrl,d072421-240min-0Pi-M4S7-R1,240min,D11,11585,5300,5654,3411.93,57.01,53.09
Rep1-0Pi-Ctrl,d072421-240min-0Pi-M4S7-R1,240min,E9,13284,18510,20880,8084.61,41.95,41.12
Rep1-0Pi-Ctrl,d072421-240min-0Pi-M4S7-R1,240min,E11,10785,5920,7849,3911.61,59.07,54.92
Rep1-0Pi-Ctrl,d072421-240min-0Pi-M4S7-R1,240min,F9,10521,20052,21361,8707.76,41.45,41.4
Rep1-0Pi-Ctrl,d072421-240min-0Pi-M4S7-R1,240min,F11,10295,3889,5432,3329.36,71.29,60.92
Rep1-0Pi-Ctrl,d072421-240min-0Pi-M4S7-R1,240min,G9,11457,20966,21353,9542.94,43.46,43.48
Rep1-0Pi-Ctrl,d072421-240min-0Pi-M4S7-R1,240min,G11,10678,3743,6060,3506.36,77.18,64.16
Rep1-0Pi-Ctrl,d072421-240min-0Pi-M4S7-R1,240min,H9,9856,20285,22307,9219.65,43.64,42.6
Rep1-0Pi-Ctrl,d072421-240min-0Pi-M4S7-R1,240min,H11,10945,3754,5291,3268.27,71.56,61.61
Rep1-0Pi-Ctrl,d072421-240min-0Pi-M4S7-R1,240min,C10,11138,14265,16427,6116.61,40.99,41.98
Rep1-0Pi-Ctrl,d072421-240min-0Pi-M4S7-R1,240min,C12,9787,4000,6141,4821.04,90.66,72.94
Rep1-H2O2-Rep2-0Pi,d072721-240min-0Pi-M4S7-R2,240min,A9,10547,44694,47803,22881.4,47,44.17
Rep1-H2O2-Rep2-0Pi,d072721-240min-0Pi-M4S7-R2,240min,A10,15710,2444,4145,2963.72,103.34,97.05
Rep1-H2O2-Rep2-0Pi,d072721-240min-0Pi-M4S7-R2,240min,A11,12286,35872,39295,14441.54,39.15,36.61
Rep1-H2O2-Rep2-0Pi,d072721-240min-0Pi-M4S7-R2,240min,A12,10253,13646,14492,5563.04,38.97,38.46
Rep1-H2O2-Rep2-0Pi,d072721-240min-0Pi-M4S7-R2,240min,B9,11958,31275,33983,16281.24,46.93,43.32
Rep1-H2O2-Rep2-0Pi,d072721-240min-0Pi-M4S7-R2,240min,B10,15126,2947,4476,4592.25,115.37,93.11
Rep1-H2O2-Rep2-0Pi,d072721-240min-0Pi-M4S7-R2,240min,B11,11551,32084,32414,13494.16,40.74,37.99
Rep1-H2O2-Rep2-0Pi,d072721-240min-0Pi-M4S7-R2,240min,B12,10583,13777,14199,5453.62,38.09,36.34
Rep1-H2O2-Rep2-0Pi,d072721-240min-0Pi-M4S7-R2,240min,C9,10110,49385,47829,28327.94,52.33,49.12
Rep1-H2O2-Rep2-0Pi,d072721-240min-0Pi-M4S7-R2,240min,C11,10420,21985,26855,9110.6,39.87,40.23
Rep1-H2O2-Rep2-0Pi,d072721-240min-0Pi-M4S7-R2,240min,D9,11127,51098,47811,26660.53,48.6,44.72
Rep1-H2O2-Rep2-0Pi,d072721-240min-0Pi-M4S7-R2,240min,D11,11992,19836,20438,8352.79,40.63,39.14
Rep1-H2O2-Rep2-0Pi,d072721-240min-0Pi-M4S7-R2,240min,E9,10220,50688,52840,28653.93,52.57,48.45
Rep1-H2O2-Rep2-0Pi,d072721-240min-0Pi-M4S7-R2,240min,E11,11958,19054,20888,8464.59,42.34,41.18
Rep1-H2O2-Rep2-0Pi,d072721-240min-0Pi-M4S7-R2,240min,F9,12431,4209,5031,5514.56,92.28,63.62
Rep1-H2O2-Rep2-0Pi,d072721-240min-0Pi-M4S7-R2,240min,F11,11795,22725,27481,9890.99,42,41.73
Rep1-H2O2-Rep2-0Pi,d072721-240min-0Pi-M4S7-R2,240min,G9,11652,4730,4280,5421.12,83.51,64.44
Rep1-H2O2-Rep2-0Pi,d072721-240min-0Pi-M4S7-R2,240min,G11,12257,22088,27490,9890.86,43.1,43.25
Rep1-H2O2-Rep2-0Pi,d072721-240min-0Pi-M4S7-R2,240min,H9,11617,5080,11414,5984.63,85.51,72.9
Rep1-H2O2-Rep2-0Pi,d072721-240min-0Pi-M4S7-R2,240min,H11,11135,22903,26828,9904.33,41.31,40.92
Rep1-H2O2-Rep2-0Pi,d072721-240min-0Pi-M4S7-R2,240min,C10,16843,2043,575,2605.31,99.61,98.26
Rep1-H2O2-Rep2-0Pi,d072721-240min-0Pi-M4S7-R2,240min,C12,10552,15647,16797,6599.43,41,40.48
Rep2-H2O2-Rep3-0Pi,d080421-240min-0Pi-M4S7-R3,240min,A9,10136,43420,44347,21071.74,44.78,43.02
Rep2-H2O2-Rep3-0Pi,d080421-240min-0Pi-M4S7-R3,240min,A10,15868,3064,3681,3075.18,88.32,78.39
Rep2-H2O2-Rep3-0Pi,d080421-240min-0Pi-M4S7-R3,240min,A11,11266,37676,42267,15373.41,39.43,37.68
Rep2-H2O2-Rep3-0Pi,d080421-240min-0Pi-M4S7-R3,240min,A12,10380,14095,14491,5887.55,39.71,39.87
Rep2-H2O2-Rep3-0Pi,d080421-240min-0Pi-M4S7-R3,240min,B9,11429,35658,36521,18237.39,46.25,42.29
Rep2-H2O2-Rep3-0Pi,d080421-240min-0Pi-M4S7-R3,240min,B10,16368,2913,4188,3532.76,101.72,85.52
Rep2-H2O2-Rep3-0Pi,d080421-240min-0Pi-M4S7-R3,240min,B11,11202,33262,33970,13799.53,40.39,39
Rep2-H2O2-Rep3-0Pi,d080421-240min-0Pi-M4S7-R3,240min,B12,10622,13703,14192,5735.86,39.83,39.36
Rep2-H2O2-Rep3-0Pi,d080421-240min-0Pi-M4S7-R3,240min,C9,10112,48373,51507,25590.18,48.95,45.82
Rep2-H2O2-Rep3-0Pi,d080421-240min-0Pi-M4S7-R3,240min,C11,11058,21357,25014,8913.84,40.25,40.76
Rep2-H2O2-Rep3-0Pi,d080421-240min-0Pi-M4S7-R3,240min,D9,11948,49563,54056,24426.01,45.83,42.29
Rep2-H2O2-Rep3-0Pi,d080421-240min-0Pi-M4S7-R3,240min,D11,11411,19232,20914,8037.66,39.95,38.98
Rep2-H2O2-Rep3-0Pi,d080421-240min-0Pi-M4S7-R3,240min,E9,10458,52179,52833,26813.29,47.77,44.43
Rep2-H2O2-Rep3-0Pi,d080421-240min-0Pi-M4S7-R3,240min,E11,11894,22555,25612,9541.87,41.02,41.69
Rep2-H2O2-Rep3-0Pi,d080421-240min-0Pi-M4S7-R3,240min,F9,11610,5663,10612,6453.38,83.26,71.48
Rep2-H2O2-Rep3-0Pi,d080421-240min-0Pi-M4S7-R3,240min,F11,10672,24001,25646,9690.71,38.59,38.82
Rep2-H2O2-Rep3-0Pi,d080421-240min-0Pi-M4S7-R3,240min,G9,12792,4865,5357,4608.53,74.93,57.57
Rep2-H2O2-Rep3-0Pi,d080421-240min-0Pi-M4S7-R3,240min,G11,11263,22062,24467,9235.48,39.71,39.81
Rep2-H2O2-Rep3-0Pi,d080421-240min-0Pi-M4S7-R3,240min,H9,14303,4222,4972,3816.17,74.36,53.94
Rep2-H2O2-Rep3-0Pi,d080421-240min-0Pi-M4S7-R3,240min,H11,10857,21532,22349,9078.65,40.08,39.6
Rep2-H2O2-Rep3-0Pi,d080421-240min-0Pi-M4S7-R3,240min,C10,13473,3613,4057,4359.12,92.95,62.7
Rep2-H2O2-Rep3-0Pi,d080421-240min-0Pi-M4S7-R3,240min,C12,10047,15107,16444,6488.64,41.47,41.81
Rep3-H2O2-Ctrl,d080521-240min-H2O2-M4S7-R3,240min,A9,9768,54152,63023,29778.42,51.02,49.11
Rep3-H2O2-Ctrl,d080521-240min-H2O2-M4S7-R3,240min,A10,16004,1124,563,2529.24,112.52,90.22
Rep3-H2O2-Ctrl,d080521-240min-H2O2-M4S7-R3,240min,A11,10714,8675,10381,4545.58,47.93,47.17
Rep3-H2O2-Ctrl,d080521-240min-H2O2-M4S7-R3,240min,A12,9880,3939,5731,4084.05,83.03,62.83
Rep3-H2O2-Ctrl,d080521-240min-H2O2-M4S7-R3,240min,B9,10644,40793,43345,22585.06,49.03,43.99
Rep3-H2O2-Ctrl,d080521-240min-H2O2-M4S7-R3,240min,B10,14582,2222,656,2927.46,104.31,101.14
Rep3-H2O2-Ctrl,d080521-240min-H2O2-M4S7-R3,240min,B11,10826,9211,8543,4814.54,48.22,46.6
Rep3-H2O2-Ctrl,d080521-240min-H2O2-M4S7-R3,240min,B12,11152,3865,4060,3239.57,69.56,61.59
Rep3-H2O2-Ctrl,d080521-240min-H2O2-M4S7-R3,240min,C9,10478,66849,83386,45133.08,64.65,64.43
Rep3-H2O2-Ctrl,d080521-240min-H2O2-M4S7-R3,240min,C11,10815,7321,9661,4348.28,53.88,52.51
Rep3-H2O2-Ctrl,d080521-240min-H2O2-M4S7-R3,240min,D9,13831,66274,62920,34251.88,49.58,42.61
Rep3-H2O2-Ctrl,d080521-240min-H2O2-M4S7-R3,240min,D11,11616,6491,7131,3634.93,52.18,50.19
Rep3-H2O2-Ctrl,d080521-240min-H2O2-M4S7-R3,240min,E9,10599,70241,77168,41305.18,55.57,50.55
Rep3-H2O2-Ctrl,d080521-240min-H2O2-M4S7-R3,240min,E11,10880,6859,7976,3970.66,52.71,52.22
Rep3-H2O2-Ctrl,d080521-240min-H2O2-M4S7-R3,240min,F9,14446,4129,5813,4861.23,95.24,63.69
Rep3-H2O2-Ctrl,d080521-240min-H2O2-M4S7-R3,240min,F11,11250,4237,4913,3472.02,68.42,58.49
Rep3-H2O2-Ctrl,d080521-240min-H2O2-M4S7-R3,240min,G9,12702,3565,4578,4312.21,99.7,86.45
Rep3-H2O2-Ctrl,d080521-240min-H2O2-M4S7-R3,240min,G11,11284,4319,6139,3296.84,66.01,57.45
Rep3-H2O2-Ctrl,d080521-240min-H2O2-M4S7-R3,240min,H9,14894,3578,4575,4036.23,95.94,77.65
Rep3-H2O2-Ctrl,d080521-240min-H2O2-M4S7-R3,240min,H11,11972,4003,4686,3376.63,70.6,59.4
Rep3-H2O2-Ctrl,d080521-240min-H2O2-M4S7-R3,240min,C10,16194,2549,736,3288.7,102.95,101.9
Rep3-H2O2-Ctrl,d080521-240min-H2O2-M4S7-R3,240min,C12,10449,4215,4631,4764.38,90.96,61.41
