Replicate,Plate,Group,Sample,Count,median,peak,sd,cv,rCV,genotype,treat,HB_strain
Rep1-0Pi-H2O2,d020724-0min-RS1-R1,0min,A1,5366,2929,3451,1488.31,46.77,42.65,wt,0Pi,yH298
Rep1-0Pi-H2O2,d020724-0min-RS1-R1,0min,A2,14083,1379,1176,653.58,44.06,40.1,RS1_28,0Pi,yH899
Rep1-0Pi-H2O2,d020724-0min-RS1-R1,0min,B1,15268,2948,3426,1369.99,43.19,38.77,wt,0Pi,yH299
Rep1-0Pi-H2O2,d020724-0min-RS1-R1,0min,B2,14318,1499,1487,724.57,44.7,41.34,RS1_28,0Pi,yH900
Rep1-0Pi-H2O2,d020724-0min-RS1-R1,0min,C1,14050,1914,1935,1083.23,52.26,51.59,RS1_24,0Pi,yH893
Rep1-0Pi-H2O2,d020724-0min-RS1-R1,0min,C2,13370,1442,1307,726.14,46.17,42.87,RS1_28,0Pi,yH901
Rep1-0Pi-H2O2,d020724-0min-RS1-R1,0min,D1,14691,1932,2447,970.43,46.71,44.2,RS1_24,0Pi,yH894
Rep1-0Pi-H2O2,d020724-0min-RS1-R1,0min,D2,13845,760,610,390.44,46.77,39.8,RS1_210,0Pi,yH902
Rep1-0Pi-H2O2,d020724-0min-RS1-R1,0min,E1,14680,1993,2146,1048.89,48.49,44.04,RS1_24,0Pi,yH895
Rep1-0Pi-H2O2,d020724-0min-RS1-R1,0min,F1,14541,1364,1307,839.67,54.73,47.83,RS1_26,0Pi,yH896
Rep1-0Pi-H2O2,d020724-0min-RS1-R1,0min,A3,14012,3250,3719,1470.61,42.42,38.96,wt,2mMH2O2,yH298
Rep1-0Pi-H2O2,d020724-0min-RS1-R1,0min,B3,13197,3483,3980,1507.29,40.6,36.27,wt,2mMH2O2,yH299
Rep1-0Pi-H2O2,d020724-0min-RS1-R1,0min,C3,13862,2337,2661,1136.7,45.25,41.81,RS1_24,2mMH2O2,yH893
Rep1-0Pi-H2O2,d020724-0min-RS1-R1,0min,D3,13974,2243,2498,1081.06,44.86,40.12,RS1_24,2mMH2O2,yH894
Rep1-0Pi-H2O2,d020724-0min-RS1-R1,0min,E3,14153,2324,2269,1094.78,43.97,39.36,RS1_24,2mMH2O2,yH895
Rep1-0Pi-H2O2,d020724-0min-RS1-R1,0min,F3,13171,1463,1318,851.36,52.13,45.81,RS1_26,2mMH2O2,yH896
Rep1-0Pi-H2O2,d020724-0min-RS1-R1,0min,E2,13917,721,712,379.26,47.96,40.71,RS1_210,0Pi,yH903
Rep1-0Pi-H2O2,d020724-0min-RS1-R1,0min,F2,13974,709,666,350.33,45.46,38.69,RS1_210,0Pi,yH904
Rep1-0Pi-H2O2,d020724-0min-RS1-R1,0min,G1,14114,1434,1177,799.55,50.39,47.01,RS1_26,0Pi,yH897
Rep1-0Pi-H2O2,d020724-0min-RS1-R1,0min,G3,13419,1737,1908,843.62,45.09,40.54,RS1_26,2mMH2O2,yH897
Rep1-0Pi-H2O2,d020724-0min-RS1-R1,0min,H1,13057,1253,1013,859.73,59.93,48.16,RS1_26,0Pi,yH898
Rep1-0Pi-H2O2,d020724-0min-RS1-R1,0min,H3,12440,1388,1070,856.32,54.97,45.08,RS1_26,2mMH2O2,yH898
Rep1-0Pi-H2O2,d020724-0min-RS1-R1,0min,A4,4741,1536,1537,803.13,48.11,41.7,RS1_28,2mMH2O2,yH899
Rep1-0Pi-H2O2,d020724-0min-RS1-R1,0min,B4,5027,1598,1260,768.55,44.26,40.73,RS1_28,2mMH2O2,yH900
Rep1-0Pi-H2O2,d020724-0min-RS1-R1,0min,C4,4957,1657,1104,794.53,44.3,40.98,RS1_28,2mMH2O2,yH901
Rep1-0Pi-H2O2,d020724-0min-RS1-R1,0min,D4,4680,842,805,445.01,48.08,40.88,RS1_210,2mMH2O2,yH902
Rep1-0Pi-H2O2,d020724-0min-RS1-R1,0min,E4,4988,816,643,465.22,51.34,41.24,RS1_210,2mMH2O2,yH903
Rep1-0Pi-H2O2,d020724-0min-RS1-R1,0min,F4,4697,804,792,408.02,46.52,42.97,RS1_210,2mMH2O2,yH904
Rep2-0Pi-H2O2,d020824-0min-RS1-R2,0min,A1,5515,2816,3048,1548.25,49.44,44.33,wt,0Pi,yH298
Rep2-0Pi-H2O2,d020824-0min-RS1-R2,0min,A2,14122,1491,1451,835.03,50.29,43.55,RS1_28,0Pi,yH899
Rep2-0Pi-H2O2,d020824-0min-RS1-R2,0min,B1,15477,3009,3123,1445.51,44.56,39.32,wt,0Pi,yH299
Rep2-0Pi-H2O2,d020824-0min-RS1-R2,0min,B2,14525,1479,1270,774.6,47.75,43.61,RS1_28,0Pi,yH900
Rep2-0Pi-H2O2,d020824-0min-RS1-R2,0min,C1,15371,2138,2681,1252.48,53,46.46,RS1_24,0Pi,yH893
Rep2-0Pi-H2O2,d020824-0min-RS1-R2,0min,C2,14644,1456,1152,730.81,46.22,42.46,RS1_28,0Pi,yH901
Rep2-0Pi-H2O2,d020824-0min-RS1-R2,0min,D1,10761,1994,1687,1400.58,62.44,46.02,RS1_24,0Pi,yH894
Rep2-0Pi-H2O2,d020824-0min-RS1-R2,0min,D2,13823,728,642,431.75,53.13,41.75,RS1_210,0Pi,yH902
Rep2-0Pi-H2O2,d020824-0min-RS1-R2,0min,E1,15092,2076,1947,1105.92,48.63,44.21,RS1_24,0Pi,yH895
Rep2-0Pi-H2O2,d020824-0min-RS1-R2,0min,F1,14650,1532,1271,893.43,52.69,48.97,RS1_26,0Pi,yH896
Rep2-0Pi-H2O2,d020824-0min-RS1-R2,0min,A3,14373,3289,4060,1581.31,44.62,40.07,wt,2mMH2O2,yH298
Rep2-0Pi-H2O2,d020824-0min-RS1-R2,0min,B3,14236,3505,3865,1576.39,41.94,36.04,wt,2mMH2O2,yH299
Rep2-0Pi-H2O2,d020824-0min-RS1-R2,0min,C3,14255,2186,2568,1279.48,52.89,45.44,RS1_24,2mMH2O2,yH893
Rep2-0Pi-H2O2,d020824-0min-RS1-R2,0min,D3,15347,2199,2032,1092.55,45.86,41.06,RS1_24,2mMH2O2,yH894
Rep2-0Pi-H2O2,d020824-0min-RS1-R2,0min,E3,14625,2383,2551,1167.81,45.32,40.38,RS1_24,2mMH2O2,yH895
Rep2-0Pi-H2O2,d020824-0min-RS1-R2,0min,F3,14404,1748,1672,933.11,48.97,45.29,RS1_26,2mMH2O2,yH896
Rep2-0Pi-H2O2,d020824-0min-RS1-R2,0min,E2,15045,752,666,442.93,52.62,42.39,RS1_210,0Pi,yH903
Rep2-0Pi-H2O2,d020824-0min-RS1-R2,0min,F2,14494,705,713,367.46,48.01,39.96,RS1_210,0Pi,yH904
Rep2-0Pi-H2O2,d020824-0min-RS1-R2,0min,G1,14178,1388,1270,799.72,52.11,47.11,RS1_26,0Pi,yH897
Rep2-0Pi-H2O2,d020824-0min-RS1-R2,0min,G3,14210,1681,1536,842.01,46.18,42.74,RS1_26,2mMH2O2,yH897
Rep2-0Pi-H2O2,d020824-0min-RS1-R2,0min,H1,14809,1323,1071,875.41,59.69,48.75,RS1_26,0Pi,yH898
Rep2-0Pi-H2O2,d020824-0min-RS1-R2,0min,H3,13338,1628,1390,859.46,48.55,42.16,RS1_26,2mMH2O2,yH898
Rep2-0Pi-H2O2,d020824-0min-RS1-R2,0min,A4,5062,1578,1223,867.39,49.43,43.55,RS1_28,2mMH2O2,yH899
Rep2-0Pi-H2O2,d020824-0min-RS1-R2,0min,B4,4828,1589,1511,824.65,47.49,42.27,RS1_28,2mMH2O2,yH900
Rep2-0Pi-H2O2,d020824-0min-RS1-R2,0min,C4,4881,1581,1449,750.36,43.87,40.32,RS1_28,2mMH2O2,yH901
Rep2-0Pi-H2O2,d020824-0min-RS1-R2,0min,D4,4794,785,643,455.4,52.15,42.31,RS1_210,2mMH2O2,yH902
Rep2-0Pi-H2O2,d020824-0min-RS1-R2,0min,E4,5213,806,759,451.76,50.11,42.68,RS1_210,2mMH2O2,yH903
Rep2-0Pi-H2O2,d020824-0min-RS1-R2,0min,F4,4807,773,563,408.04,48.21,41.62,RS1_210,2mMH2O2,yH904
Rep3-0Pi-Ctrl,d021024-0min-RS1-R3,0min,A1,5301,2483,2133,1395.48,50.98,43.77,wt,0Pi,yH298
Rep3-0Pi-Ctrl,d021024-0min-RS1-R3,0min,A2,13740,1341,1129,787.09,53.12,42.79,RS1_28,0Pi,yH899
Rep3-0Pi-Ctrl,d021024-0min-RS1-R3,0min,B1,14642,2634,3366,1315.44,46,40.19,wt,0Pi,yH299
Rep3-0Pi-Ctrl,d021024-0min-RS1-R3,0min,B2,13450,1334,1117,803.23,53.48,45.23,RS1_28,0Pi,yH900
Rep3-0Pi-Ctrl,d021024-0min-RS1-R3,0min,C1,14528,2021,2206,1126.69,51.35,46.36,RS1_24,0Pi,yH893
Rep3-0Pi-Ctrl,d021024-0min-RS1-R3,0min,C2,13333,1335,990,753.81,50.85,43.53,RS1_28,0Pi,yH901
Rep3-0Pi-Ctrl,d021024-0min-RS1-R3,0min,D1,14545,1804,1762,1047.05,52.62,45.94,RS1_24,0Pi,yH894
Rep3-0Pi-Ctrl,d021024-0min-RS1-R3,0min,D2,13166,705,609,454.37,58.19,41.64,RS1_210,0Pi,yH902
Rep3-0Pi-Ctrl,d021024-0min-RS1-R3,0min,E1,14263,2078,2347,1165.01,51.21,47.23,RS1_24,0Pi,yH895
Rep3-0Pi-Ctrl,d021024-0min-RS1-R3,0min,F1,13577,1272,897,778.25,54.77,49.42,RS1_26,0Pi,yH896
Rep3-0Pi-Ctrl,d021024-0min-RS1-R3,0min,A3,13855,2613,2823,1297.9,46.1,42.44,wt,Ctrl,yH298
Rep3-0Pi-Ctrl,d021024-0min-RS1-R3,0min,B3,13513,2864,3099,1269.63,41.48,38.05,wt,Ctrl,yH299
Rep3-0Pi-Ctrl,d021024-0min-RS1-R3,0min,C3,13243,2064,2444,1085.49,48.46,45.11,RS1_24,Ctrl,yH893
Rep3-0Pi-Ctrl,d021024-0min-RS1-R3,0min,D3,13332,1906,1648,1059.61,50.75,45.35,RS1_24,Ctrl,yH894
Rep3-0Pi-Ctrl,d021024-0min-RS1-R3,0min,E3,13027,2141,2005,1147.06,49.32,45.01,RS1_24,Ctrl,yH895
Rep3-0Pi-Ctrl,d021024-0min-RS1-R3,0min,F3,12720,1351,1130,756.71,51.08,47.19,RS1_26,Ctrl,yH896
Rep3-0Pi-Ctrl,d021024-0min-RS1-R3,0min,E2,12922,679,587,398.91,53.51,41.84,RS1_210,0Pi,yH903
Rep3-0Pi-Ctrl,d021024-0min-RS1-R3,0min,F2,13419,696,541,425.95,56.23,41.11,RS1_210,0Pi,yH904
Rep3-0Pi-Ctrl,d021024-0min-RS1-R3,0min,G1,14079,1419,1379,860.15,54.69,51.51,RS1_26,0Pi,yH897
Rep3-0Pi-Ctrl,d021024-0min-RS1-R3,0min,G3,13143,1475,1176,819.2,50.76,49.65,RS1_26,Ctrl,yH897
Rep3-0Pi-Ctrl,d021024-0min-RS1-R3,0min,H1,13695,1429,896,899.09,55.96,52.39,RS1_26,0Pi,yH898
Rep3-0Pi-Ctrl,d021024-0min-RS1-R3,0min,H3,13209,1540,1486,864.72,50.98,49.1,RS1_26,Ctrl,yH898
Rep3-0Pi-Ctrl,d021024-0min-RS1-R3,0min,A4,4461,1454,1211,760.11,47.79,42.42,RS1_28,Ctrl,yH899
Rep3-0Pi-Ctrl,d021024-0min-RS1-R3,0min,B4,4592,1440,1270,803.58,50.26,44.38,RS1_28,Ctrl,yH900
Rep3-0Pi-Ctrl,d021024-0min-RS1-R3,0min,C4,4729,1485,1151,829.42,50.29,43.53,RS1_28,Ctrl,yH901
Rep3-0Pi-Ctrl,d021024-0min-RS1-R3,0min,D4,4472,775,645,410.17,48.55,40.94,RS1_210,Ctrl,yH902
Rep3-0Pi-Ctrl,d021024-0min-RS1-R3,0min,E4,4586,736,586,378.8,47.3,40.69,RS1_210,Ctrl,yH903
Rep3-0Pi-Ctrl,d021024-0min-RS1-R3,0min,F4,4592,748,665,404.94,49.28,40.83,RS1_210,Ctrl,yH904
Rep4-H2O2-Ctrl,d021224-0min-RS1-R4,0min,A1,5108,2738,2842,1372.75,46.28,44.03,wt,2mMH2O2,yH298
Rep4-H2O2-Ctrl,d021224-0min-RS1-R4,0min,A2,13321,1295,1283,605.4,43.39,39.96,RS1_28,2mMH2O2,yH899
Rep4-H2O2-Ctrl,d021224-0min-RS1-R4,0min,B1,14426,2754,3487,1289,43.38,39.23,wt,2mMH2O2,yH299
Rep4-H2O2-Ctrl,d021224-0min-RS1-R4,0min,B2,13815,1331,1270,626.18,43.64,40.43,RS1_28,2mMH2O2,yH900
Rep4-H2O2-Ctrl,d021224-0min-RS1-R4,0min,C1,14212,1925,1802,1017.05,48.95,46.92,RS1_24,2mMH2O2,yH893
Rep4-H2O2-Ctrl,d021224-0min-RS1-R4,0min,C2,13600,1454,1212,712.62,45.14,41.55,RS1_28,2mMH2O2,yH901
Rep4-H2O2-Ctrl,d021224-0min-RS1-R4,0min,D1,14383,1974,1894,1043.07,48.64,45.81,RS1_24,2mMH2O2,yH894
Rep4-H2O2-Ctrl,d021224-0min-RS1-R4,0min,D2,13391,695,609,331.81,44.25,39.04,RS1_210,2mMH2O2,yH902
Rep4-H2O2-Ctrl,d021224-0min-RS1-R4,0min,E1,14350,1917,1500,989.33,47.87,45.32,RS1_24,2mMH2O2,yH895
Rep4-H2O2-Ctrl,d021224-0min-RS1-R4,0min,F1,13625,1321,1048,796.13,54.06,50.73,RS1_26,2mMH2O2,yH896
Rep4-H2O2-Ctrl,d021224-0min-RS1-R4,0min,A3,13017,2890,2932,1391.58,44.88,40.48,wt,Ctrl,yH298
Rep4-H2O2-Ctrl,d021224-0min-RS1-R4,0min,B3,12883,2978,3174,1323.67,42.07,37.24,wt,Ctrl,yH299
Rep4-H2O2-Ctrl,d021224-0min-RS1-R4,0min,C3,13084,2052,1854,1054.64,47.72,45.52,RS1_24,Ctrl,yH893
Rep4-H2O2-Ctrl,d021224-0min-RS1-R4,0min,D3,13416,2138,2314,1089.58,47.17,43.9,RS1_24,Ctrl,yH894
Rep4-H2O2-Ctrl,d021224-0min-RS1-R4,0min,E3,13062,2090,2046,1027.89,46.01,43.13,RS1_24,Ctrl,yH895
Rep4-H2O2-Ctrl,d021224-0min-RS1-R4,0min,F3,12490,1397,1012,753.35,49.26,47.93,RS1_26,Ctrl,yH896
Rep4-H2O2-Ctrl,d021224-0min-RS1-R4,0min,E2,13420,664,587,324.22,45.1,39.74,RS1_210,2mMH2O2,yH903
Rep4-H2O2-Ctrl,d021224-0min-RS1-R4,0min,F2,13332,683,666,323.59,43.94,38.42,RS1_210,2mMH2O2,yH904
Rep4-H2O2-Ctrl,d021224-0min-RS1-R4,0min,G1,13260,1257,804,691.92,50.18,49.89,RS1_26,2mMH2O2,yH897
Rep4-H2O2-Ctrl,d021224-0min-RS1-R4,0min,G3,12334,1361,1012,716.07,48.49,46.57,RS1_26,Ctrl,yH897
Rep4-H2O2-Ctrl,d021224-0min-RS1-R4,0min,H1,13352,1189,943,673.41,51.19,48.88,RS1_26,2mMH2O2,yH898
Rep4-H2O2-Ctrl,d021224-0min-RS1-R4,0min,H3,12390,1318,1013,684.18,47.78,46.12,RS1_26,Ctrl,yH898
Rep4-H2O2-Ctrl,d021224-0min-RS1-R4,0min,A4,4537,1433,1623,640.51,42.07,39.52,RS1_28,Ctrl,yH899
Rep4-H2O2-Ctrl,d021224-0min-RS1-R4,0min,B4,4356,1496,1402,701.72,43.46,39.15,RS1_28,Ctrl,yH900
Rep4-H2O2-Ctrl,d021224-0min-RS1-R4,0min,C4,4419,1594,1165,771.48,44.74,40.74,RS1_28,Ctrl,yH901
Rep4-H2O2-Ctrl,d021224-0min-RS1-R4,0min,D4,4349,758,643,358.33,43.95,39.9,RS1_210,Ctrl,yH902
Rep4-H2O2-Ctrl,d021224-0min-RS1-R4,0min,E4,4528,738,644,380.02,46.99,40.78,RS1_210,Ctrl,yH903
Rep4-H2O2-Ctrl,d021224-0min-RS1-R4,0min,F4,4489,773,643,394.09,46.95,39.51,RS1_210,Ctrl,yH904
Rep1-0Pi-H2O2,d020724-30min-RS1-R1,30min,A5,4668,4326,5094,1867.96,40.8,37.81,wt,0Pi,yH298
Rep1-0Pi-H2O2,d020724-30min-RS1-R1,30min,A6,4515,1755,1803,899.78,46.8,43.59,RS1_28,0Pi,yH899
Rep1-0Pi-H2O2,d020724-30min-RS1-R1,30min,A7,4873,7834,20900,7032.19,72.04,86.66,wt,2mMH2O2,yH298
Rep1-0Pi-H2O2,d020724-30min-RS1-R1,30min,A8,4563,3375,4321,2088.47,55.66,59.83,RS1_28,2mMH2O2,yH899
Rep1-0Pi-H2O2,d020724-30min-RS1-R1,30min,B5,4713,4592,5660,1854.09,38.03,35.42,wt,0Pi,yH299
Rep1-0Pi-H2O2,d020724-30min-RS1-R1,30min,B6,4544,1858,1597,974.42,47.93,42.78,RS1_28,0Pi,yH900
Rep1-0Pi-H2O2,d020724-30min-RS1-R1,30min,B7,4230,18533,21830,6051.36,33.04,27.73,wt,2mMH2O2,yH299
Rep1-0Pi-H2O2,d020724-30min-RS1-R1,30min,B8,4788,3458,4850,2030.79,53.41,56.2,RS1_28,2mMH2O2,yH900
Rep1-0Pi-H2O2,d020724-30min-RS1-R1,30min,C5,4515,3321,3648,1686,47.9,48.57,RS1_24,0Pi,yH893
Rep1-0Pi-H2O2,d020724-30min-RS1-R1,30min,C6,4433,1853,1598,964.4,47.39,42.49,RS1_28,0Pi,yH901
Rep1-0Pi-H2O2,d020724-30min-RS1-R1,30min,C7,3930,10038,11862,4419.98,45.02,41.26,RS1_24,2mMH2O2,yH893
Rep1-0Pi-H2O2,d020724-30min-RS1-R1,30min,C8,4419,3407,4910,2095.68,56.52,59.66,RS1_28,2mMH2O2,yH901
Rep1-0Pi-H2O2,d020724-30min-RS1-R1,30min,D5,4748,3221,4200,1623.33,46.79,46.22,RS1_24,0Pi,yH894
Rep1-0Pi-H2O2,d020724-30min-RS1-R1,30min,D6,4213,936,712,569.25,52.86,44.98,RS1_210,0Pi,yH902
Rep1-0Pi-H2O2,d020724-30min-RS1-R1,30min,D7,4485,9598,11611,4025.14,42.15,42.42,RS1_24,2mMH2O2,yH894
Rep1-0Pi-H2O2,d020724-30min-RS1-R1,30min,D8,4578,1095,990,853.03,65.08,51.86,RS1_210,2mMH2O2,yH902
Rep1-0Pi-H2O2,d020724-30min-RS1-R1,30min,E5,4272,3248,3939,1637.04,46.95,46.26,RS1_24,0Pi,yH895
Rep1-0Pi-H2O2,d020724-30min-RS1-R1,30min,E6,4665,885,747,528.53,53.04,44.23,RS1_210,0Pi,yH903
Rep1-0Pi-H2O2,d020724-30min-RS1-R1,30min,E7,4431,10056,12100,4223.6,42.46,41.22,RS1_24,2mMH2O2,yH895
Rep1-0Pi-H2O2,d020724-30min-RS1-R1,30min,E8,4701,1016,1084,784.07,64.39,51.66,RS1_210,2mMH2O2,yH903
Rep1-0Pi-H2O2,d020724-30min-RS1-R1,30min,F5,4031,1954,1235,1196.97,55.05,49.02,RS1_26,0Pi,yH896
Rep1-0Pi-H2O2,d020724-30min-RS1-R1,30min,F6,4548,886,759,521.55,51.89,42.84,RS1_210,0Pi,yH904
Rep1-0Pi-H2O2,d020724-30min-RS1-R1,30min,F7,4272,3252,3901,2443.17,63.56,59.07,RS1_26,2mMH2O2,yH896
Rep1-0Pi-H2O2,d020724-30min-RS1-R1,30min,F8,4601,1022,689,732.91,60.81,51.06,RS1_210,2mMH2O2,yH904
Rep1-0Pi-H2O2,d020724-30min-RS1-R1,30min,G5,4264,2063,1648,1183.56,51.2,48.8,RS1_26,0Pi,yH897
Rep1-0Pi-H2O2,d020724-30min-RS1-R1,30min,G7,4349,6980,11184,3902.5,53.43,60.05,RS1_26,2mMH2O2,yH897
Rep1-0Pi-H2O2,d020724-30min-RS1-R1,30min,H5,4381,1902,2090,1282.55,58.68,50.9,RS1_26,0Pi,yH898
Rep1-0Pi-H2O2,d020724-30min-RS1-R1,30min,H7,4328,2887,3280,2222.82,65.77,62.12,RS1_26,2mMH2O2,yH898
Rep2-0Pi-H2O2,d020824-30min-RS1-R2,30min,A5,4774,4172,5358,1786.86,40.03,36.99,wt,0Pi,yH298
Rep2-0Pi-H2O2,d020824-30min-RS1-R2,30min,A6,4533,1854,1511,995.83,48.36,44.94,RS1_28,0Pi,yH899
Rep2-0Pi-H2O2,d020824-30min-RS1-R2,30min,A7,4871,10645,17893,7321.22,63.18,81.89,wt,2mMH2O2,yH298
Rep2-0Pi-H2O2,d020824-30min-RS1-R2,30min,A8,4352,3878,5731,2203.08,52.4,54.35,RS1_28,2mMH2O2,yH899
Rep2-0Pi-H2O2,d020824-30min-RS1-R2,30min,B5,4284,4491,4735,1853.56,39.04,36.28,wt,0Pi,yH299
Rep2-0Pi-H2O2,d020824-30min-RS1-R2,30min,B6,4583,1817,1367,965.7,48.04,44.23,RS1_28,0Pi,yH900
Rep2-0Pi-H2O2,d020824-30min-RS1-R2,30min,B7,4337,17697,19579,5651.14,32.49,27.15,wt,2mMH2O2,yH299
Rep2-0Pi-H2O2,d020824-30min-RS1-R2,30min,B8,4147,3834,4855,2224.51,53.21,55.14,RS1_28,2mMH2O2,yH900
Rep2-0Pi-H2O2,d020824-30min-RS1-R2,30min,C5,4642,2866,2978,1629.63,51.57,45.84,RS1_24,0Pi,yH893
Rep2-0Pi-H2O2,d020824-30min-RS1-R2,30min,C6,4479,1835,1867,934.79,46.78,45,RS1_28,0Pi,yH901
Rep2-0Pi-H2O2,d020824-30min-RS1-R2,30min,C7,4514,5137,6918,2866.46,51.69,52.11,RS1_24,2mMH2O2,yH893
Rep2-0Pi-H2O2,d020824-30min-RS1-R2,30min,C8,4345,3906,4970,2114.85,51.09,54.2,RS1_28,2mMH2O2,yH901
Rep2-0Pi-H2O2,d020824-30min-RS1-R2,30min,D5,4615,3291,4237,1724.87,48.4,44.87,RS1_24,0Pi,yH894
Rep2-0Pi-H2O2,d020824-30min-RS1-R2,30min,D6,4402,873,712,542.96,54.64,46.7,RS1_210,0Pi,yH902
Rep2-0Pi-H2O2,d020824-30min-RS1-R2,30min,D7,4647,10314,11872,3925.78,38.42,35.13,RS1_24,2mMH2O2,yH894
Rep2-0Pi-H2O2,d020824-30min-RS1-R2,30min,D8,4235,889,783,654.67,63.67,47.36,RS1_210,2mMH2O2,yH902
Rep2-0Pi-H2O2,d020824-30min-RS1-R2,30min,E5,4727,3412,4150,1647.79,45.28,44.93,RS1_24,0Pi,yH895
Rep2-0Pi-H2O2,d020824-30min-RS1-R2,30min,E6,4649,926,713,569,53.91,45.79,RS1_210,0Pi,yH903
Rep2-0Pi-H2O2,d020824-30min-RS1-R2,30min,E7,4671,10428,11864,3940.32,38.17,36.74,RS1_24,2mMH2O2,yH895
Rep2-0Pi-H2O2,d020824-30min-RS1-R2,30min,E8,4557,1103,805,987.4,71.73,55.65,RS1_210,2mMH2O2,yH903
Rep2-0Pi-H2O2,d020824-30min-RS1-R2,30min,F5,4518,2210,2206,1196.5,49.11,47.77,RS1_26,0Pi,yH896
Rep2-0Pi-H2O2,d020824-30min-RS1-R2,30min,F6,4479,882,829,553.2,54.55,44.88,RS1_210,0Pi,yH904
Rep2-0Pi-H2O2,d020824-30min-RS1-R2,30min,F7,4527,7591,10013,3706.43,48.62,51.09,RS1_26,2mMH2O2,yH896
Rep2-0Pi-H2O2,d020824-30min-RS1-R2,30min,F8,4441,1076,816,888.43,68.17,52.91,RS1_210,2mMH2O2,yH904
Rep2-0Pi-H2O2,d020824-30min-RS1-R2,30min,G5,4507,2122,1935,1181.23,50.87,48.7,RS1_26,0Pi,yH897
Rep2-0Pi-H2O2,d020824-30min-RS1-R2,30min,G7,4530,8105,10990,3725.45,46.34,48.94,RS1_26,2mMH2O2,yH897
Rep2-0Pi-H2O2,d020824-30min-RS1-R2,30min,H5,4471,2099,2463,1191.41,51.45,48.1,RS1_26,0Pi,yH898
Rep2-0Pi-H2O2,d020824-30min-RS1-R2,30min,H7,4484,6747,10378,3744.39,53.54,61.19,RS1_26,2mMH2O2,yH898
Rep3-0Pi-Ctrl,d021024-30min-RS1-R3,30min,A5,4666,3620,4902,1632.31,42.78,39.52,wt,0Pi,yH298
Rep3-0Pi-Ctrl,d021024-30min-RS1-R3,30min,A6,4435,1680,1488,915.31,49.04,44.04,RS1_28,0Pi,yH899
Rep3-0Pi-Ctrl,d021024-30min-RS1-R3,30min,A7,4251,4126,4857,1922.87,43.93,40.53,wt,Ctrl,yH298
Rep3-0Pi-Ctrl,d021024-30min-RS1-R3,30min,A8,3867,1877,1623,1015.57,48.67,43.84,RS1_28,Ctrl,yH899
Rep3-0Pi-Ctrl,d021024-30min-RS1-R3,30min,B5,4509,3964,4146,1645.16,39.31,36.28,wt,0Pi,yH299
Rep3-0Pi-Ctrl,d021024-30min-RS1-R3,30min,B6,4284,1668,1306,917.46,49.83,45.78,RS1_28,0Pi,yH900
Rep3-0Pi-Ctrl,d021024-30min-RS1-R3,30min,B7,3962,4473,4848,1907.5,40.32,36.96,wt,Ctrl,yH299
Rep3-0Pi-Ctrl,d021024-30min-RS1-R3,30min,B8,4018,1914,1673,1053.64,49.85,45.62,RS1_28,Ctrl,yH900
Rep3-0Pi-Ctrl,d021024-30min-RS1-R3,30min,C5,4471,3017,3148,1570.02,47.78,45.51,RS1_24,0Pi,yH893
Rep3-0Pi-Ctrl,d021024-30min-RS1-R3,30min,C6,4217,1710,1401,1114.9,58.71,44.04,RS1_28,0Pi,yH901
Rep3-0Pi-Ctrl,d021024-30min-RS1-R3,30min,C7,3931,3574,4239,1794.56,46.73,45.17,RS1_24,Ctrl,yH893
Rep3-0Pi-Ctrl,d021024-30min-RS1-R3,30min,C8,3839,1923,1673,1101.96,51.18,47.03,RS1_28,Ctrl,yH901
Rep3-0Pi-Ctrl,d021024-30min-RS1-R3,30min,D5,4359,2597,2662,1424.15,50.24,46.7,RS1_24,0Pi,yH894
Rep3-0Pi-Ctrl,d021024-30min-RS1-R3,30min,D6,4170,870,828,660.92,65.74,43.46,RS1_210,0Pi,yH902
Rep3-0Pi-Ctrl,d021024-30min-RS1-R3,30min,D7,4164,2903,3487,1619.09,50.77,47.16,RS1_24,Ctrl,yH894
Rep3-0Pi-Ctrl,d021024-30min-RS1-R3,30min,D8,3703,994,723,603.59,53.15,44.9,RS1_210,Ctrl,yH902
Rep3-0Pi-Ctrl,d021024-30min-RS1-R3,30min,E5,4288,3159,3862,1575.63,46.55,43.84,RS1_24,0Pi,yH895
Rep3-0Pi-Ctrl,d021024-30min-RS1-R3,30min,E6,4340,837,690,563.63,58.68,43.04,RS1_210,0Pi,yH903
Rep3-0Pi-Ctrl,d021024-30min-RS1-R3,30min,E7,4121,3712,4529,1933.43,48.7,47.41,RS1_24,Ctrl,yH895
Rep3-0Pi-Ctrl,d021024-30min-RS1-R3,30min,E8,3796,935,897,572.84,53.75,46.14,RS1_210,Ctrl,yH903
Rep3-0Pi-Ctrl,d021024-30min-RS1-R3,30min,F5,4188,1842,1736,1119.7,55.06,50.64,RS1_26,0Pi,yH896
Rep3-0Pi-Ctrl,d021024-30min-RS1-R3,30min,F6,4206,873,711,551.21,55.79,43.65,RS1_210,0Pi,yH904
Rep3-0Pi-Ctrl,d021024-30min-RS1-R3,30min,F7,3837,2054,2101,1218.15,53.43,50.67,RS1_26,Ctrl,yH896
Rep3-0Pi-Ctrl,d021024-30min-RS1-R3,30min,F8,3824,941,829,580.73,54.08,43.64,RS1_210,Ctrl,yH904
Rep3-0Pi-Ctrl,d021024-30min-RS1-R3,30min,G5,4416,2084,1724,1223.88,52.52,49.63,RS1_26,0Pi,yH897
Rep3-0Pi-Ctrl,d021024-30min-RS1-R3,30min,G7,4080,2345,2975,1356.71,52.81,51.19,RS1_26,Ctrl,yH897
Rep3-0Pi-Ctrl,d021024-30min-RS1-R3,30min,H5,4166,2279,2190,1283.32,51.22,49.26,RS1_26,0Pi,yH898
Rep3-0Pi-Ctrl,d021024-30min-RS1-R3,30min,H7,4005,2504,3831,1429.64,51.65,51.45,RS1_26,Ctrl,yH898
Rep4-H2O2-Ctrl,d021224-30min-RS1-R4,30min,A5,4627,7041,11405,4538.57,59.32,71.7,wt,2mMH2O2,yH298
Rep4-H2O2-Ctrl,d021224-30min-RS1-R4,30min,A6,4210,2783,4150,1475.1,48.73,50.5,RS1_28,2mMH2O2,yH899
Rep4-H2O2-Ctrl,d021224-30min-RS1-R4,30min,A7,4108,4613,4622,2005.89,40.73,37.83,wt,Ctrl,yH298
Rep4-H2O2-Ctrl,d021224-30min-RS1-R4,30min,A8,3948,1821,1212,987.85,48.48,44.25,RS1_28,Ctrl,yH899
Rep4-H2O2-Ctrl,d021224-30min-RS1-R4,30min,B5,4285,11794,12107,3855.51,32.96,29.06,wt,2mMH2O2,yH299
Rep4-H2O2-Ctrl,d021224-30min-RS1-R4,30min,B6,4324,2707,4281,1476.33,50.12,51.41,RS1_28,2mMH2O2,yH900
Rep4-H2O2-Ctrl,d021224-30min-RS1-R4,30min,B7,4060,4729,5647,1951.3,39.09,37.12,wt,Ctrl,yH299
Rep4-H2O2-Ctrl,d021224-30min-RS1-R4,30min,B8,3970,1882,1881,980.86,47.36,42.82,RS1_28,Ctrl,yH900
Rep4-H2O2-Ctrl,d021224-30min-RS1-R4,30min,C5,4122,6945,7476,2743.67,39.71,36.81,RS1_24,2mMH2O2,yH893
Rep4-H2O2-Ctrl,d021224-30min-RS1-R4,30min,C6,4296,3060,3901,1576.83,48.1,50.23,RS1_28,2mMH2O2,yH901
Rep4-H2O2-Ctrl,d021224-30min-RS1-R4,30min,C7,3956,3830,5648,1924.31,47.07,47.45,RS1_24,Ctrl,yH893
Rep4-H2O2-Ctrl,d021224-30min-RS1-R4,30min,C8,3964,1997,1975,1064.91,48.14,45.48,RS1_28,Ctrl,yH901
Rep4-H2O2-Ctrl,d021224-30min-RS1-R4,30min,D5,4301,7252,8989,2696.12,37.3,34.26,RS1_24,2mMH2O2,yH894
Rep4-H2O2-Ctrl,d021224-30min-RS1-R4,30min,D6,4369,811,678,446.96,49.72,43.51,RS1_210,2mMH2O2,yH902
Rep4-H2O2-Ctrl,d021224-30min-RS1-R4,30min,D7,4113,4049,5159,2089.8,48.29,48.15,RS1_24,Ctrl,yH894
Rep4-H2O2-Ctrl,d021224-30min-RS1-R4,30min,D8,4018,888,690,531.31,52.93,43.24,RS1_210,Ctrl,yH902
Rep4-H2O2-Ctrl,d021224-30min-RS1-R4,30min,E5,4378,7275,8839,2831.61,39.35,35.28,RS1_24,2mMH2O2,yH895
Rep4-H2O2-Ctrl,d021224-30min-RS1-R4,30min,E6,4403,930,782,658.67,60.38,49.1,RS1_210,2mMH2O2,yH903
Rep4-H2O2-Ctrl,d021224-30min-RS1-R4,30min,E7,3937,3779,4383,2002.57,49.26,49.35,RS1_24,Ctrl,yH895
Rep4-H2O2-Ctrl,d021224-30min-RS1-R4,30min,E8,3998,913,736,592.77,56.15,45.31,RS1_210,Ctrl,yH903
Rep4-H2O2-Ctrl,d021224-30min-RS1-R4,30min,F5,4160,5168,7355,2477.32,47.72,51.43,RS1_26,2mMH2O2,yH896
Rep4-H2O2-Ctrl,d021224-30min-RS1-R4,30min,F6,4384,948,851,674.39,60.49,49.65,RS1_210,2mMH2O2,yH904
Rep4-H2O2-Ctrl,d021224-30min-RS1-R4,30min,F7,3869,2358,2605,1467.79,56.15,54.01,RS1_26,Ctrl,yH896
Rep4-H2O2-Ctrl,d021224-30min-RS1-R4,30min,F8,3993,935,873,592.48,55.01,44.56,RS1_210,Ctrl,yH904
Rep4-H2O2-Ctrl,d021224-30min-RS1-R4,30min,G5,4058,5409,7359,2663.08,48.52,50.75,RS1_26,2mMH2O2,yH897
Rep4-H2O2-Ctrl,d021224-30min-RS1-R4,30min,G7,3991,2245,2348,1412.78,56.35,51.97,RS1_26,Ctrl,yH897
Rep4-H2O2-Ctrl,d021224-30min-RS1-R4,30min,H5,4150,5286,7483,2725.61,50.04,55.05,RS1_26,2mMH2O2,yH898
Rep4-H2O2-Ctrl,d021224-30min-RS1-R4,30min,H7,3940,2203,2176,1422.76,57.25,54.46,RS1_26,Ctrl,yH898
Rep1-0Pi-H2O2,d020724-60min-RS1-R1,60min,A9,4219,6656,7133,2826.85,40.66,37.09,wt,0Pi,yH298
Rep1-0Pi-H2O2,d020724-60min-RS1-R1,60min,A10,4304,2227,2429,1298.41,52.2,46.2,RS1_28,0Pi,yH899
Rep1-0Pi-H2O2,d020724-60min-RS1-R1,60min,A11,4078,14565,51627,18661.52,89.88,114.77,wt,2mMH2O2,yH298
Rep1-0Pi-H2O2,d020724-60min-RS1-R1,60min,A12,3747,6120,10407,4204.77,60.98,64.61,RS1_28,2mMH2O2,yH899
Rep1-0Pi-H2O2,d020724-60min-RS1-R1,60min,B9,4380,7022,7472,2752.88,37.75,35.2,wt,0Pi,yH299
Rep1-0Pi-H2O2,d020724-60min-RS1-R1,60min,B10,4095,2335,2977,1286.63,49.99,47.3,RS1_28,0Pi,yH900
Rep1-0Pi-H2O2,d020724-60min-RS1-R1,60min,B11,3488,37442,39348,14238.81,37.65,31.36,wt,2mMH2O2,yH299
Rep1-0Pi-H2O2,d020724-60min-RS1-R1,60min,B12,3732,6173,6806,4244.96,61.23,64.28,RS1_28,2mMH2O2,yH900
Rep1-0Pi-H2O2,d020724-60min-RS1-R1,60min,C9,4320,4625,5649,2519.34,49.71,49.45,RS1_24,0Pi,yH893
Rep1-0Pi-H2O2,d020724-60min-RS1-R1,60min,C10,4184,2325,1827,1282.41,49.36,45.53,RS1_28,0Pi,yH901
Rep1-0Pi-H2O2,d020724-60min-RS1-R1,60min,C11,3716,21516,22893,9452.08,43.86,42.27,RS1_24,2mMH2O2,yH893
Rep1-0Pi-H2O2,d020724-60min-RS1-R1,60min,C12,3756,6531,11220,4216.95,58.47,62.71,RS1_28,2mMH2O2,yH901
Rep1-0Pi-H2O2,d020724-60min-RS1-R1,60min,D9,4354,4586,6412,2492.1,50.22,50.13,RS1_24,0Pi,yH894
Rep1-0Pi-H2O2,d020724-60min-RS1-R1,60min,D10,4087,1182,897,797.96,58.43,46.91,RS1_210,0Pi,yH902
Rep1-0Pi-H2O2,d020724-60min-RS1-R1,60min,D11,3747,20926,21382,9391.3,44.72,43.14,RS1_24,2mMH2O2,yH894
Rep1-0Pi-H2O2,d020724-60min-RS1-R1,60min,D12,4036,1761,1211,2079.26,85.41,70.02,RS1_210,2mMH2O2,yH902
Rep1-0Pi-H2O2,d020724-60min-RS1-R1,60min,E9,4100,4559,5299,2527.62,50.86,51.41,RS1_24,0Pi,yH895
Rep1-0Pi-H2O2,d020724-60min-RS1-R1,60min,E10,4260,1097,907,763.36,60.1,45.9,RS1_210,0Pi,yH903
Rep1-0Pi-H2O2,d020724-60min-RS1-R1,60min,E11,3547,20891,22360,9940.44,48.23,45.48,RS1_24,2mMH2O2,yH895
Rep1-0Pi-H2O2,d020724-60min-RS1-R1,60min,E12,4175,1627,905,2016.97,89.42,72.26,RS1_210,2mMH2O2,yH903
Rep1-0Pi-H2O2,d020724-60min-RS1-R1,60min,F9,4123,2931,2908,1818,54.89,50.58,RS1_26,0Pi,yH896
Rep1-0Pi-H2O2,d020724-60min-RS1-R1,60min,F10,4149,1076,886,720.06,57.66,44.23,RS1_210,0Pi,yH904
Rep1-0Pi-H2O2,d020724-60min-RS1-R1,60min,F11,4074,5235,7030,5491.36,78.87,74.12,RS1_26,2mMH2O2,yH896
Rep1-0Pi-H2O2,d020724-60min-RS1-R1,60min,F12,4380,1518,1081,1792.11,86.61,68.59,RS1_210,2mMH2O2,yH904
Rep1-0Pi-H2O2,d020724-60min-RS1-R1,60min,G9,4139,3298,4023,1877.44,51.68,48.51,RS1_26,0Pi,yH897
Rep1-0Pi-H2O2,d020724-60min-RS1-R1,60min,G11,3600,14702,18282,9069.35,60.36,67.95,RS1_26,2mMH2O2,yH897
Rep1-0Pi-H2O2,d020724-60min-RS1-R1,60min,H9,3927,2963,4107,2011.24,59.19,50.14,RS1_26,0Pi,yH898
Rep1-0Pi-H2O2,d020724-60min-RS1-R1,60min,H11,3961,5020,6146,5138.22,78.64,71.47,RS1_26,2mMH2O2,yH898
Rep2-0Pi-H2O2,d020824-60min-RS1-R2,60min,A9,4110,8417,8257,3409.24,38.64,37.3,wt,0Pi,yH298
Rep2-0Pi-H2O2,d020824-60min-RS1-R2,60min,A10,3882,2600,3577,1493.64,51.34,48.28,RS1_28,0Pi,yH899
Rep2-0Pi-H2O2,d020824-60min-RS1-R2,60min,A11,3859,33569,44433,23411.55,69.38,80.66,wt,2mMH2O2,yH298
Rep2-0Pi-H2O2,d020824-60min-RS1-R2,60min,A12,3078,7579,10040,4902.12,59.05,60.26,RS1_28,2mMH2O2,yH899
Rep2-0Pi-H2O2,d020824-60min-RS1-R2,60min,B9,4634,7083,6915,3017.51,40.44,37.79,wt,0Pi,yH299
Rep2-0Pi-H2O2,d020824-60min-RS1-R2,60min,B10,3865,2498,2588,1436.01,51.74,48.79,RS1_28,0Pi,yH900
Rep2-0Pi-H2O2,d020824-60min-RS1-R2,60min,B11,3460,36571,38319,13666.7,35.97,29.38,wt,2mMH2O2,yH299
Rep2-0Pi-H2O2,d020824-60min-RS1-R2,60min,B12,2939,8202,12346,4968.98,55.78,55.53,RS1_28,2mMH2O2,yH900
Rep2-0Pi-H2O2,d020824-60min-RS1-R2,60min,C9,3995,4180,4685,2512.52,53.78,51.68,RS1_24,0Pi,yH893
Rep2-0Pi-H2O2,d020824-60min-RS1-R2,60min,C10,3916,2580,3579,1460.35,51.15,47.64,RS1_28,0Pi,yH901
Rep2-0Pi-H2O2,d020824-60min-RS1-R2,60min,C11,3650,12974,19113,8488.77,59.12,61.51,RS1_24,2mMH2O2,yH893
Rep2-0Pi-H2O2,d020824-60min-RS1-R2,60min,C12,3105,8550,11399,5189.38,55.46,54.66,RS1_28,2mMH2O2,yH901
Rep2-0Pi-H2O2,d020824-60min-RS1-R2,60min,D9,4033,5150,5969,2954.86,52.44,51.39,RS1_24,0Pi,yH894
Rep2-0Pi-H2O2,d020824-60min-RS1-R2,60min,D10,4044,1095,702,834.41,64.85,51.54,RS1_210,0Pi,yH902
Rep2-0Pi-H2O2,d020824-60min-RS1-R2,60min,D11,3485,24642,26169,10213.52,40.61,36.74,RS1_24,2mMH2O2,yH894
Rep2-0Pi-H2O2,d020824-60min-RS1-R2,60min,D12,3931,1419,944,1822.58,97,68.54,RS1_210,2mMH2O2,yH902
Rep2-0Pi-H2O2,d020824-60min-RS1-R2,60min,E9,3937,5282,5890,2907.98,50.13,50.55,RS1_24,0Pi,yH895
Rep2-0Pi-H2O2,d020824-60min-RS1-R2,60min,E10,3973,1185,861,918.52,65.48,46.92,RS1_210,0Pi,yH903
Rep2-0Pi-H2O2,d020824-60min-RS1-R2,60min,E11,3336,24297,23903,10160.83,40.9,36.82,RS1_24,2mMH2O2,yH895
Rep2-0Pi-H2O2,d020824-60min-RS1-R2,60min,E12,3473,2960,5972,2996.18,79.98,76.68,RS1_210,2mMH2O2,yH903
Rep2-0Pi-H2O2,d020824-60min-RS1-R2,60min,F9,3857,4562,5493,2308.84,47.11,44.62,RS1_26,0Pi,yH896
Rep2-0Pi-H2O2,d020824-60min-RS1-R2,60min,F10,3899,1135,784,874.27,64.68,47.94,RS1_210,0Pi,yH904
Rep2-0Pi-H2O2,d020824-60min-RS1-R2,60min,F11,3172,20164,25699,10577.49,51.82,51.74,RS1_26,2mMH2O2,yH896
Rep2-0Pi-H2O2,d020824-60min-RS1-R2,60min,F12,3735,2384,2888,2591.85,83.55,74.69,RS1_210,2mMH2O2,yH904
Rep2-0Pi-H2O2,d020824-60min-RS1-R2,60min,G9,3927,4275,4684,2232.56,48.38,45.33,RS1_26,0Pi,yH897
Rep2-0Pi-H2O2,d020824-60min-RS1-R2,60min,G11,3269,20061,21824,10021.05,49.54,49.33,RS1_26,2mMH2O2,yH897
Rep2-0Pi-H2O2,d020824-60min-RS1-R2,60min,H9,3656,4556,6141,2443.33,49.64,46.57,RS1_26,0Pi,yH898
Rep2-0Pi-H2O2,d020824-60min-RS1-R2,60min,H11,3220,16793,21352,10200.4,58.57,62.12,RS1_26,2mMH2O2,yH898
Rep3-0Pi-Ctrl,d021024-60min-RS1-R3,60min,A9,4221,6134,7716,2634.5,40.59,39.25,wt,0Pi,yH298
Rep3-0Pi-Ctrl,d021024-60min-RS1-R3,60min,A10,3824,2218,2702,1353.59,53.98,47.19,RS1_28,0Pi,yH899
Rep3-0Pi-Ctrl,d021024-60min-RS1-R3,60min,A11,3647,4699,5502,2244.14,45.08,42.03,wt,Ctrl,yH298
Rep3-0Pi-Ctrl,d021024-60min-RS1-R3,60min,A12,3052,2036,1625,1207.08,53.23,47.26,RS1_28,Ctrl,yH899
Rep3-0Pi-Ctrl,d021024-60min-RS1-R3,60min,B9,4167,6245,7585,2463.16,37.6,35.8,wt,0Pi,yH299
Rep3-0Pi-Ctrl,d021024-60min-RS1-R3,60min,B10,3984,2094,2396,1237.46,52.63,47.41,RS1_28,0Pi,yH900
Rep3-0Pi-Ctrl,d021024-60min-RS1-R3,60min,B11,3612,5219,5812,2310.37,42.15,39.27,wt,Ctrl,yH299
Rep3-0Pi-Ctrl,d021024-60min-RS1-R3,60min,B12,3430,2061,2236,1302.37,55.64,50.4,RS1_28,Ctrl,yH900
Rep3-0Pi-Ctrl,d021024-60min-RS1-R3,60min,C9,4000,4391,5582,2529.95,52.26,50.94,RS1_24,0Pi,yH893
Rep3-0Pi-Ctrl,d021024-60min-RS1-R3,60min,C10,4041,2250,2032,1341.38,53.13,48.56,RS1_28,0Pi,yH901
Rep3-0Pi-Ctrl,d021024-60min-RS1-R3,60min,C11,3501,4321,5727,2598.44,54.62,53.7,RS1_24,Ctrl,yH893
Rep3-0Pi-Ctrl,d021024-60min-RS1-R3,60min,C12,3384,2122,1763,1278.19,53.43,49.19,RS1_28,Ctrl,yH901
Rep3-0Pi-Ctrl,d021024-60min-RS1-R3,60min,D9,4177,3295,4915,2067.62,55.58,51.25,RS1_24,0Pi,yH894
Rep3-0Pi-Ctrl,d021024-60min-RS1-R3,60min,D10,3895,1073,919,781.19,62.05,46.56,RS1_210,0Pi,yH902
Rep3-0Pi-Ctrl,d021024-60min-RS1-R3,60min,D11,3438,3423,4680,2178.74,57.03,53.1,RS1_24,Ctrl,yH894
Rep3-0Pi-Ctrl,d021024-60min-RS1-R3,60min,D12,3170,1073,839,774.74,61.62,47.12,RS1_210,Ctrl,yH902
Rep3-0Pi-Ctrl,d021024-60min-RS1-R3,60min,E9,4016,4436,5576,2462.91,50.52,49.61,RS1_24,0Pi,yH895
Rep3-0Pi-Ctrl,d021024-60min-RS1-R3,60min,E10,3985,1012,747,776.16,64.98,46.73,RS1_210,0Pi,yH903
Rep3-0Pi-Ctrl,d021024-60min-RS1-R3,60min,E11,3500,4492,5227,2623.63,53.29,51.2,RS1_24,Ctrl,yH895
Rep3-0Pi-Ctrl,d021024-60min-RS1-R3,60min,E12,3187,1024,885,731.78,61.55,48.36,RS1_210,Ctrl,yH903
Rep3-0Pi-Ctrl,d021024-60min-RS1-R3,60min,F9,3971,2976,3149,1897.86,56.47,51.96,RS1_26,0Pi,yH896
Rep3-0Pi-Ctrl,d021024-60min-RS1-R3,60min,F10,3913,1069,908,801.1,63.86,45.07,RS1_210,0Pi,yH904
Rep3-0Pi-Ctrl,d021024-60min-RS1-R3,60min,F11,3452,2336,2175,1730.06,63.71,59.58,RS1_26,Ctrl,yH896
Rep3-0Pi-Ctrl,d021024-60min-RS1-R3,60min,F12,3184,1051,932,733.62,60.12,47.91,RS1_210,Ctrl,yH904
Rep3-0Pi-Ctrl,d021024-60min-RS1-R3,60min,G9,3832,3500,4523,1986.23,51.73,50.03,RS1_26,0Pi,yH897
Rep3-0Pi-Ctrl,d021024-60min-RS1-R3,60min,G11,3437,2607,3150,1841.15,61.19,58.63,RS1_26,Ctrl,yH897
Rep3-0Pi-Ctrl,d021024-60min-RS1-R3,60min,H9,3894,3724,4739,2192.14,52.66,49.39,RS1_26,0Pi,yH898
Rep3-0Pi-Ctrl,d021024-60min-RS1-R3,60min,H11,3372,2798,3486,1952.91,60.63,60.41,RS1_26,Ctrl,yH898
Rep4-H2O2-Ctrl,d021224-60min-RS1-R4,60min,A9,4462,12284,38246,15088.87,85.15,109.1,wt,2mMH2O2,yH298
Rep4-H2O2-Ctrl,d021224-60min-RS1-R4,60min,A10,3872,5540,7609,3376.82,56.18,58.55,RS1_28,2mMH2O2,yH899
Rep4-H2O2-Ctrl,d021224-60min-RS1-R4,60min,A11,3576,5200,5652,2371.75,43.31,40.36,wt,Ctrl,yH298
Rep4-H2O2-Ctrl,d021224-60min-RS1-R4,60min,A12,3273,1957,1975,1231.69,55.55,48.33,RS1_28,Ctrl,yH899
Rep4-H2O2-Ctrl,d021224-60min-RS1-R4,60min,B9,3647,31308,35675,10685.19,33.67,31.18,wt,2mMH2O2,yH299
Rep4-H2O2-Ctrl,d021224-60min-RS1-R4,60min,B10,3828,5498,7018,3412.52,57.25,60.57,RS1_28,2mMH2O2,yH900
Rep4-H2O2-Ctrl,d021224-60min-RS1-R4,60min,B11,3414,5433,6142,2415.55,41.9,39.08,wt,Ctrl,yH299
Rep4-H2O2-Ctrl,d021224-60min-RS1-R4,60min,B12,3310,2064,1700,1301.8,55.51,47.38,RS1_28,Ctrl,yH900
Rep4-H2O2-Ctrl,d021224-60min-RS1-R4,60min,C9,3523,18453,21365,7593.54,41.55,38.84,RS1_24,2mMH2O2,yH893
Rep4-H2O2-Ctrl,d021224-60min-RS1-R4,60min,C10,3588,6098,9634,3495.18,53.39,56.35,RS1_28,2mMH2O2,yH901
Rep4-H2O2-Ctrl,d021224-60min-RS1-R4,60min,C11,3422,4484,5171,2674.48,54.59,52.84,RS1_24,Ctrl,yH893
Rep4-H2O2-Ctrl,d021224-60min-RS1-R4,60min,C12,3173,2147,1960,1237.09,51.76,47.23,RS1_28,Ctrl,yH901
Rep4-H2O2-Ctrl,d021224-60min-RS1-R4,60min,D9,2894,18247,23918,7368.22,40.52,39.09,RS1_24,2mMH2O2,yH894
Rep4-H2O2-Ctrl,d021224-60min-RS1-R4,60min,D10,4173,980,782,1111.26,91.79,50.08,RS1_210,2mMH2O2,yH902
Rep4-H2O2-Ctrl,d021224-60min-RS1-R4,60min,D11,3645,4797,5361,2750.98,53.08,51.65,RS1_24,Ctrl,yH894
Rep4-H2O2-Ctrl,d021224-60min-RS1-R4,60min,D12,3397,983,759,679.06,60.07,46.76,RS1_210,Ctrl,yH902
Rep4-H2O2-Ctrl,d021224-60min-RS1-R4,60min,E9,3372,18817,19130,7583.28,40.41,37.71,RS1_24,2mMH2O2,yH895
Rep4-H2O2-Ctrl,d021224-60min-RS1-R4,60min,E10,4189,1366,645,1652.45,88.59,69.03,RS1_210,2mMH2O2,yH903
Rep4-H2O2-Ctrl,d021224-60min-RS1-R4,60min,E11,3442,4664,5161,2633.26,52.36,52.39,RS1_24,Ctrl,yH895
Rep4-H2O2-Ctrl,d021224-60min-RS1-R4,60min,E12,3450,984,850,726.54,61.97,47.91,RS1_210,Ctrl,yH903
Rep4-H2O2-Ctrl,d021224-60min-RS1-R4,60min,F9,3416,13105,17132,7372.88,57.2,64.34,RS1_26,2mMH2O2,yH896
Rep4-H2O2-Ctrl,d021224-60min-RS1-R4,60min,F10,3991,1450,689,1673.59,84.59,68.4,RS1_210,2mMH2O2,yH904
Rep4-H2O2-Ctrl,d021224-60min-RS1-R4,60min,F11,3200,2631,3823,1882.51,61.77,61.27,RS1_26,Ctrl,yH896
Rep4-H2O2-Ctrl,d021224-60min-RS1-R4,60min,F12,3157,1016,851,714.48,60.03,46.7,RS1_210,Ctrl,yH904
Rep4-H2O2-Ctrl,d021224-60min-RS1-R4,60min,G9,3556,14122,16434,7656.24,55.25,61.23,RS1_26,2mMH2O2,yH897
Rep4-H2O2-Ctrl,d021224-60min-RS1-R4,60min,G11,3376,2601,3548,1875.3,62.14,62.34,RS1_26,Ctrl,yH897
Rep4-H2O2-Ctrl,d021224-60min-RS1-R4,60min,H9,3541,13102,18279,7710.17,58.33,67.46,RS1_26,2mMH2O2,yH898
Rep4-H2O2-Ctrl,d021224-60min-RS1-R4,60min,H11,3279,2538,3828,1899.16,63.77,65.37,RS1_26,Ctrl,yH898
Rep1-0Pi-H2O2,d020724-90min-RS1-R1,90min,A1,4040,9518,10996,3674.13,37.1,36.18,wt,0Pi,yH298
Rep1-0Pi-H2O2,d020724-90min-RS1-R1,90min,A2,8987,2564,2741,1433.7,50.92,46.03,RS1_28,0Pi,yH899
Rep1-0Pi-H2O2,d020724-90min-RS1-R1,90min,B1,9259,8988,9314,3441.74,36.78,33.6,wt,0Pi,yH299
Rep1-0Pi-H2O2,d020724-90min-RS1-R1,90min,B2,8699,2522,2801,1359.1,49.18,44.03,RS1_28,0Pi,yH900
Rep1-0Pi-H2O2,d020724-90min-RS1-R1,90min,C1,8895,5115,6142,2817.77,50.45,48.58,RS1_24,0Pi,yH893
Rep1-0Pi-H2O2,d020724-90min-RS1-R1,90min,C2,8475,2544,2761,1355.36,48.77,44.82,RS1_28,0Pi,yH901
Rep1-0Pi-H2O2,d020724-90min-RS1-R1,90min,D1,9108,4953,5650,2687.4,49.78,47.2,RS1_24,0Pi,yH894
Rep1-0Pi-H2O2,d020724-90min-RS1-R1,90min,D2,8365,1204,1013,809.6,58.84,44.58,RS1_210,0Pi,yH902
Rep1-0Pi-H2O2,d020724-90min-RS1-R1,90min,E1,9131,5024,5430,2679.57,49.24,47.63,RS1_24,0Pi,yH895
Rep1-0Pi-H2O2,d020724-90min-RS1-R1,90min,F1,8341,3961,5156,2306.19,53.25,46.94,RS1_26,0Pi,yH896
Rep1-0Pi-H2O2,d020724-90min-RS1-R1,90min,A3,9945,29150,44451,22850.45,78.77,100.3,wt,2mMH2O2,yH298
Rep1-0Pi-H2O2,d020724-90min-RS1-R1,90min,B3,6461,40255,43322,17640.95,42.6,32.08,wt,2mMH2O2,yH299
Rep1-0Pi-H2O2,d020724-90min-RS1-R1,90min,C3,6669,24940,27482,11709.62,45.6,41.35,RS1_24,2mMH2O2,yH893
Rep1-0Pi-H2O2,d020724-90min-RS1-R1,90min,D3,6302,23237,26853,11238.77,47.15,42.37,RS1_24,2mMH2O2,yH894
Rep1-0Pi-H2O2,d020724-90min-RS1-R1,90min,E3,6539,24325,28812,11613.15,46.62,40.62,RS1_24,2mMH2O2,yH895
Rep1-0Pi-H2O2,d020724-90min-RS1-R1,90min,F3,7925,8082,9502,7116.91,72.96,67.95,RS1_26,2mMH2O2,yH896
Rep1-0Pi-H2O2,d020724-90min-RS1-R1,90min,E2,9409,1151,1047,788.3,59.38,45.21,RS1_210,0Pi,yH903
Rep1-0Pi-H2O2,d020724-90min-RS1-R1,90min,F2,8132,1161,1081,768.63,57.95,44.18,RS1_210,0Pi,yH904
Rep1-0Pi-H2O2,d020724-90min-RS1-R1,90min,G1,8158,4471,5097,2228.33,46.68,44.58,RS1_26,0Pi,yH897
Rep1-0Pi-H2O2,d020724-90min-RS1-R1,90min,G3,6160,16320,22323,9546.24,55,55.83,RS1_26,2mMH2O2,yH897
Rep1-0Pi-H2O2,d020724-90min-RS1-R1,90min,H1,8169,3894,4849,2315.28,54.05,48.54,RS1_26,0Pi,yH898
Rep1-0Pi-H2O2,d020724-90min-RS1-R1,90min,H3,8018,6945,7482,5977.11,72.16,67.96,RS1_26,2mMH2O2,yH898
Rep1-0Pi-H2O2,d020724-90min-RS1-R1,90min,A4,3294,7158,7858,4567.96,57.48,56.51,RS1_28,2mMH2O2,yH899
Rep1-0Pi-H2O2,d020724-90min-RS1-R1,90min,B4,3231,7655,9654,4569.78,54.61,54.09,RS1_28,2mMH2O2,yH900
Rep1-0Pi-H2O2,d020724-90min-RS1-R1,90min,C4,3053,7702,7970,4657.99,54.79,53.59,RS1_28,2mMH2O2,yH901
Rep1-0Pi-H2O2,d020724-90min-RS1-R1,90min,D4,3372,2803,3431,2829.2,79.67,73.39,RS1_210,2mMH2O2,yH902
Rep1-0Pi-H2O2,d020724-90min-RS1-R1,90min,E4,3496,2691,3488,2790.92,80.24,79.25,RS1_210,2mMH2O2,yH903
Rep1-0Pi-H2O2,d020724-90min-RS1-R1,90min,F4,3540,2511,5154,2671.68,83.36,75.87,RS1_210,2mMH2O2,yH904
Rep2-0Pi-H2O2,d020824-90min-RS1-R2,90min,A1,3595,10452,10191,4304.56,39.18,37.63,wt,0Pi,yH298
Rep2-0Pi-H2O2,d020824-90min-RS1-R2,90min,A2,7672,2747,4146,1573.42,52.33,47.41,RS1_28,0Pi,yH899
Rep2-0Pi-H2O2,d020824-90min-RS1-R2,90min,B1,7876,9841,10981,3864.88,37.97,34.89,wt,0Pi,yH299
Rep2-0Pi-H2O2,d020824-90min-RS1-R2,90min,B2,7827,2627,2606,1549.15,53.13,46.62,RS1_28,0Pi,yH900
Rep2-0Pi-H2O2,d020824-90min-RS1-R2,90min,C1,8416,4504,5575,2844.9,56.59,50.03,RS1_24,0Pi,yH893
Rep2-0Pi-H2O2,d020824-90min-RS1-R2,90min,C2,7223,2449,2888,1458.42,53.62,47.52,RS1_28,0Pi,yH901
Rep2-0Pi-H2O2,d020824-90min-RS1-R2,90min,D1,8623,5516,6318,3139.11,52.55,48.57,RS1_24,0Pi,yH894
Rep2-0Pi-H2O2,d020824-90min-RS1-R2,90min,D2,7363,1071,897,822.29,66.21,48.31,RS1_210,0Pi,yH902
Rep2-0Pi-H2O2,d020824-90min-RS1-R2,90min,E1,8494,5535,5647,2969.52,49.47,46.99,RS1_24,0Pi,yH895
Rep2-0Pi-H2O2,d020824-90min-RS1-R2,90min,F1,7586,5250,6053,2624.56,47.1,43.32,RS1_26,0Pi,yH896
Rep2-0Pi-H2O2,d020824-90min-RS1-R2,90min,A3,7950,36752,43332,24643.59,69.65,66.95,wt,2mMH2O2,yH298
Rep2-0Pi-H2O2,d020824-90min-RS1-R2,90min,B3,5980,38338,41266,19791.59,51.8,37.75,wt,2mMH2O2,yH299
Rep2-0Pi-H2O2,d020824-90min-RS1-R2,90min,C3,7407,14502,19541,9120.92,57.26,56.81,RS1_24,2mMH2O2,yH893
Rep2-0Pi-H2O2,d020824-90min-RS1-R2,90min,D3,5692,22337,28123,12982.31,58.8,44.84,RS1_24,2mMH2O2,yH894
Rep2-0Pi-H2O2,d020824-90min-RS1-R2,90min,E3,5486,23835,25637,11779.91,48.17,38.33,RS1_24,2mMH2O2,yH895
Rep2-0Pi-H2O2,d020824-90min-RS1-R2,90min,F3,5533,17897,23364,11344.77,61.56,56.27,RS1_26,2mMH2O2,yH896
Rep2-0Pi-H2O2,d020824-90min-RS1-R2,90min,E2,7423,1173,920,803.98,59.63,45.5,RS1_210,0Pi,yH903
Rep2-0Pi-H2O2,d020824-90min-RS1-R2,90min,F2,7338,1052,1012,887.54,73.77,53.55,RS1_210,0Pi,yH904
Rep2-0Pi-H2O2,d020824-90min-RS1-R2,90min,G1,7455,4814,5572,2542.89,49.55,46.38,RS1_26,0Pi,yH897
Rep2-0Pi-H2O2,d020824-90min-RS1-R2,90min,G3,5330,18131,25603,10527.92,54.97,50.21,RS1_26,2mMH2O2,yH897
Rep2-0Pi-H2O2,d020824-90min-RS1-R2,90min,H1,6975,5210,6916,2684.19,48.88,46.16,RS1_26,0Pi,yH898
Rep2-0Pi-H2O2,d020824-90min-RS1-R2,90min,H3,6016,14429,21850,10795.53,70.95,74.87,RS1_26,2mMH2O2,yH898
Rep2-0Pi-H2O2,d020824-90min-RS1-R2,90min,A4,2696,8152,9652,4742,53.55,52.55,RS1_28,2mMH2O2,yH899
Rep2-0Pi-H2O2,d020824-90min-RS1-R2,90min,B4,2639,8705,9670,4986.39,53.08,51.84,RS1_28,2mMH2O2,yH900
Rep2-0Pi-H2O2,d020824-90min-RS1-R2,90min,C4,2622,8908,10796,5177.93,53.39,48.87,RS1_28,2mMH2O2,yH901
Rep2-0Pi-H2O2,d020824-90min-RS1-R2,90min,D4,3290,1676,1523,1880.64,85.02,75.81,RS1_210,2mMH2O2,yH902
Rep2-0Pi-H2O2,d020824-90min-RS1-R2,90min,E4,2773,3237,6312,3022.09,75.87,76.72,RS1_210,2mMH2O2,yH903
Rep2-0Pi-H2O2,d020824-90min-RS1-R2,90min,F4,2858,2673,5363,2647.48,78.98,76.35,RS1_210,2mMH2O2,yH904
Rep3-0Pi-Ctrl,d021024-90min-RS1-R3,90min,A1,3566,8776,9659,3859.86,41.91,40.76,wt,0Pi,yH298
Rep3-0Pi-Ctrl,d021024-90min-RS1-R3,90min,A2,8606,2509,2933,1499.44,53.2,46.43,RS1_28,0Pi,yH899
Rep3-0Pi-Ctrl,d021024-90min-RS1-R3,90min,B1,8762,8635,9635,3500.79,39,36.07,wt,0Pi,yH299
Rep3-0Pi-Ctrl,d021024-90min-RS1-R3,90min,B2,8546,2440,2567,1405.74,51.74,46.42,RS1_28,0Pi,yH900
Rep3-0Pi-Ctrl,d021024-90min-RS1-R3,90min,C1,8789,5026,6703,2857.67,51.7,48.88,RS1_24,0Pi,yH893
Rep3-0Pi-Ctrl,d021024-90min-RS1-R3,90min,C2,8367,2497,2976,1471.81,53.12,47.5,RS1_28,0Pi,yH901
Rep3-0Pi-Ctrl,d021024-90min-RS1-R3,90min,D1,10456,3549,5886,2169.99,54.87,53.14,RS1_24,0Pi,yH894
Rep3-0Pi-Ctrl,d021024-90min-RS1-R3,90min,D2,7965,1184,1071,935.66,66.73,47.08,RS1_210,0Pi,yH902
Rep3-0Pi-Ctrl,d021024-90min-RS1-R3,90min,E1,8511,5090,6236,2814.61,50.72,48.29,RS1_24,0Pi,yH895
Rep3-0Pi-Ctrl,d021024-90min-RS1-R3,90min,F1,7998,4210,4794,2419.33,52.19,48.52,RS1_26,0Pi,yH896
Rep3-0Pi-Ctrl,d021024-90min-RS1-R3,90min,A3,7459,4125,5435,2182.91,48.59,48.7,wt,Ctrl,yH298
Rep3-0Pi-Ctrl,d021024-90min-RS1-R3,90min,B3,7434,4548,5354,2289.9,47.12,47.2,wt,Ctrl,yH299
Rep3-0Pi-Ctrl,d021024-90min-RS1-R3,90min,C3,6920,3875,5359,2500.41,57.81,57.05,RS1_24,Ctrl,yH893
Rep3-0Pi-Ctrl,d021024-90min-RS1-R3,90min,D3,7546,2878,3717,2174.46,64.91,59.91,RS1_24,Ctrl,yH894
Rep3-0Pi-Ctrl,d021024-90min-RS1-R3,90min,E3,6769,3960,5651,2628.58,59.14,59.15,RS1_24,Ctrl,yH895
Rep3-0Pi-Ctrl,d021024-90min-RS1-R3,90min,F3,6475,1939,1548,1778.15,73.3,65.68,RS1_26,Ctrl,yH896
Rep3-0Pi-Ctrl,d021024-90min-RS1-R3,90min,E2,8265,1125,1048,863.82,65.95,46.13,RS1_210,0Pi,yH903
Rep3-0Pi-Ctrl,d021024-90min-RS1-R3,90min,F2,7954,1169,1013,885.93,65.06,45.78,RS1_210,0Pi,yH904
Rep3-0Pi-Ctrl,d021024-90min-RS1-R3,90min,G1,8180,4658,5296,2453.76,48.94,45.6,RS1_26,0Pi,yH897
Rep3-0Pi-Ctrl,d021024-90min-RS1-R3,90min,G3,6979,2122,1463,1806.56,69.38,65.33,RS1_26,Ctrl,yH897
Rep3-0Pi-Ctrl,d021024-90min-RS1-R3,90min,H1,8291,5076,6607,2616.61,47.65,45.21,RS1_26,0Pi,yH898
Rep3-0Pi-Ctrl,d021024-90min-RS1-R3,90min,H3,6702,2243,4521,1940.77,69.86,66.11,RS1_26,Ctrl,yH898
Rep3-0Pi-Ctrl,d021024-90min-RS1-R3,90min,A4,3253,1787,1440,1192.27,57.49,51.77,RS1_28,Ctrl,yH899
Rep3-0Pi-Ctrl,d021024-90min-RS1-R3,90min,B4,3189,1797,1177,1181.91,57.16,51.9,RS1_28,Ctrl,yH900
Rep3-0Pi-Ctrl,d021024-90min-RS1-R3,90min,C4,3184,1852,2130,1272.68,59.59,50.61,RS1_28,Ctrl,yH901
Rep3-0Pi-Ctrl,d021024-90min-RS1-R3,90min,D4,3111,973,667,780.04,67.17,49.22,RS1_210,Ctrl,yH902
Rep3-0Pi-Ctrl,d021024-90min-RS1-R3,90min,E4,3144,929,920,686.71,63.32,49.9,RS1_210,Ctrl,yH903
Rep3-0Pi-Ctrl,d021024-90min-RS1-R3,90min,F4,3036,950,677,742.13,65.96,51.34,RS1_210,Ctrl,yH904
Rep4-H2O2-Ctrl,d021224-90min-RS1-R4,90min,A1,3639,31769,47919,22862.85,72.1,83.97,wt,2mMH2O2,yH298
Rep4-H2O2-Ctrl,d021224-90min-RS1-R4,90min,A2,7244,6876,9315,4212.8,55.46,54.83,RS1_28,2mMH2O2,yH899
Rep4-H2O2-Ctrl,d021224-90min-RS1-R4,90min,B1,6581,36817,36534,15477.93,39.86,33.01,wt,2mMH2O2,yH299
Rep4-H2O2-Ctrl,d021224-90min-RS1-R4,90min,B2,6894,6980,7463,4334.27,56.35,54.4,RS1_28,2mMH2O2,yH900
Rep4-H2O2-Ctrl,d021224-90min-RS1-R4,90min,C1,6813,24444,27440,11222.43,44.6,39.64,RS1_24,2mMH2O2,yH893
Rep4-H2O2-Ctrl,d021224-90min-RS1-R4,90min,C2,6713,7874,9322,4687.68,54.13,52.12,RS1_28,2mMH2O2,yH901
Rep4-H2O2-Ctrl,d021224-90min-RS1-R4,90min,D1,6715,23745,26824,10530.86,43.17,37.69,RS1_24,2mMH2O2,yH894
Rep4-H2O2-Ctrl,d021224-90min-RS1-R4,90min,D2,9125,1409,1130,1589.38,85.29,67.24,RS1_210,2mMH2O2,yH902
Rep4-H2O2-Ctrl,d021224-90min-RS1-R4,90min,E1,7411,22213,23899,9828.43,43.3,38.22,RS1_24,2mMH2O2,yH895
Rep4-H2O2-Ctrl,d021224-90min-RS1-R4,90min,F1,6342,17832,21826,10500.75,55.35,56.14,RS1_26,2mMH2O2,yH896
Rep4-H2O2-Ctrl,d021224-90min-RS1-R4,90min,A3,7501,4254,5362,2264.07,48.55,48.55,wt,Ctrl,yH298
Rep4-H2O2-Ctrl,d021224-90min-RS1-R4,90min,B3,6838,4380,6147,2344.49,48.89,50.3,wt,Ctrl,yH299
Rep4-H2O2-Ctrl,d021224-90min-RS1-R4,90min,C3,6388,3669,3825,2488.29,59.01,59.97,RS1_24,Ctrl,yH893
Rep4-H2O2-Ctrl,d021224-90min-RS1-R4,90min,D3,6510,3857,5285,2645.52,60.37,60.18,RS1_24,Ctrl,yH894
Rep4-H2O2-Ctrl,d021224-90min-RS1-R4,90min,E3,6851,3561,5032,2447.92,59.72,60.04,RS1_24,Ctrl,yH895
Rep4-H2O2-Ctrl,d021224-90min-RS1-R4,90min,F3,5941,2089,1116,1855.03,71.2,66.29,RS1_26,Ctrl,yH896
Rep4-H2O2-Ctrl,d021224-90min-RS1-R4,90min,E2,8696,2492,4375,2478.82,79.1,76.11,RS1_210,2mMH2O2,yH903
Rep4-H2O2-Ctrl,d021224-90min-RS1-R4,90min,F2,7187,2708,4905,2735.81,79.51,74.84,RS1_210,2mMH2O2,yH904
Rep4-H2O2-Ctrl,d021224-90min-RS1-R4,90min,G1,6405,18457,26205,10123.31,52.75,53.45,RS1_26,2mMH2O2,yH897
Rep4-H2O2-Ctrl,d021224-90min-RS1-R4,90min,G3,6523,1961,1869,1831.14,73.43,63.96,RS1_26,Ctrl,yH897
Rep4-H2O2-Ctrl,d021224-90min-RS1-R4,90min,H1,6555,16667,23371,10027.97,56.42,57.57,RS1_26,2mMH2O2,yH898
Rep4-H2O2-Ctrl,d021224-90min-RS1-R4,90min,H3,5979,1906,1282,1686.18,71.11,64.95,RS1_26,Ctrl,yH898
Rep4-H2O2-Ctrl,d021224-90min-RS1-R4,90min,A4,3113,1685,1320,1180.17,59.59,52,RS1_28,Ctrl,yH899
Rep4-H2O2-Ctrl,d021224-90min-RS1-R4,90min,B4,3007,1704,1574,1134.47,57.79,47.94,RS1_28,Ctrl,yH900
Rep4-H2O2-Ctrl,d021224-90min-RS1-R4,90min,C4,3018,1750,1164,1204.16,58.5,49.22,RS1_28,Ctrl,yH901
Rep4-H2O2-Ctrl,d021224-90min-RS1-R4,90min,D4,2920,908,586,628.69,60.1,49.42,RS1_210,Ctrl,yH902
Rep4-H2O2-Ctrl,d021224-90min-RS1-R4,90min,E4,3174,892,782,827.53,78.4,47.31,RS1_210,Ctrl,yH903
Rep4-H2O2-Ctrl,d021224-90min-RS1-R4,90min,F4,2977,926,644,805.77,72.15,49.63,RS1_210,Ctrl,yH904
Rep1-0Pi-H2O2,d020724-120min-RS1-R1,120min,A5,3675,11628,11867,4544.02,37.51,36.27,wt,0Pi,yH298
Rep1-0Pi-H2O2,d020724-120min-RS1-R1,120min,A6,3195,2655,2931,1503.74,51.57,50.31,RS1_28,0Pi,yH899
Rep1-0Pi-H2O2,d020724-120min-RS1-R1,120min,A7,3495,36719,49073,24652.12,68.42,70.93,wt,2mMH2O2,yH298
Rep1-0Pi-H2O2,d020724-120min-RS1-R1,120min,A8,3012,6768,8832,3791.84,51.67,48.31,RS1_28,2mMH2O2,yH899
Rep1-0Pi-H2O2,d020724-120min-RS1-R1,120min,B5,3501,11013,13110,4427.01,38.79,36.32,wt,0Pi,yH299
Rep1-0Pi-H2O2,d020724-120min-RS1-R1,120min,B6,3189,2838,4273,1525.09,49.62,47.49,RS1_28,0Pi,yH900
Rep1-0Pi-H2O2,d020724-120min-RS1-R1,120min,B7,2920,39965,42260,15492.25,37.64,35.58,wt,2mMH2O2,yH299
Rep1-0Pi-H2O2,d020724-120min-RS1-R1,120min,B8,2865,6676,9500,3936.72,53.25,49.15,RS1_28,2mMH2O2,yH900
Rep1-0Pi-H2O2,d020724-120min-RS1-R1,120min,C5,3228,5449,6614,2911.64,49.46,48.97,RS1_24,0Pi,yH893
Rep1-0Pi-H2O2,d020724-120min-RS1-R1,120min,C6,3122,2771,3457,1499.96,49.84,47.28,RS1_28,0Pi,yH901
Rep1-0Pi-H2O2,d020724-120min-RS1-R1,120min,C7,2882,21977,22359,10172.62,43.39,41.4,RS1_24,2mMH2O2,yH893
Rep1-0Pi-H2O2,d020724-120min-RS1-R1,120min,C8,2819,7218,6923,4229.23,53.19,50.3,RS1_28,2mMH2O2,yH901
Rep1-0Pi-H2O2,d020724-120min-RS1-R1,120min,D5,3287,5463,6316,2874.88,49.2,48.52,RS1_24,0Pi,yH894
Rep1-0Pi-H2O2,d020724-120min-RS1-R1,120min,D6,3238,1239,1212,858.04,60.28,47.57,RS1_210,0Pi,yH902
Rep1-0Pi-H2O2,d020724-120min-RS1-R1,120min,D7,2895,21685,21341,10201.43,44.5,41.79,RS1_24,2mMH2O2,yH894
Rep1-0Pi-H2O2,d020724-120min-RS1-R1,120min,D8,2884,3064,5214,2622.57,70.93,67.97,RS1_210,2mMH2O2,yH902
Rep1-0Pi-H2O2,d020724-120min-RS1-R1,120min,E5,3294,5661,7463,2911.46,47.98,46.61,RS1_24,0Pi,yH895
Rep1-0Pi-H2O2,d020724-120min-RS1-R1,120min,E6,3587,1258,1070,798.19,56.65,47.5,RS1_210,0Pi,yH903
Rep1-0Pi-H2O2,d020724-120min-RS1-R1,120min,E7,2834,22796,22328,10006.54,41.73,40.3,RS1_24,2mMH2O2,yH895
Rep1-0Pi-H2O2,d020724-120min-RS1-R1,120min,E8,2878,3090,5662,2814.62,75.16,74.14,RS1_210,2mMH2O2,yH903
Rep1-0Pi-H2O2,d020724-120min-RS1-R1,120min,F5,3074,4852,7960,2791.9,52.96,50.3,RS1_26,0Pi,yH896
Rep1-0Pi-H2O2,d020724-120min-RS1-R1,120min,F6,3175,1258,1259,795.69,55.98,45.37,RS1_210,0Pi,yH904
Rep1-0Pi-H2O2,d020724-120min-RS1-R1,120min,F7,2896,9545,10765,7543.9,68.24,61.01,RS1_26,2mMH2O2,yH896
Rep1-0Pi-H2O2,d020724-120min-RS1-R1,120min,F8,3061,2663,4792,2394.61,74.4,72.26,RS1_210,2mMH2O2,yH904
Rep1-0Pi-H2O2,d020724-120min-RS1-R1,120min,G5,3159,5295,5508,2606.72,46.6,46.48,RS1_26,0Pi,yH897
Rep1-0Pi-H2O2,d020724-120min-RS1-R1,120min,G7,2810,16894,17910,8945.05,49.74,46.93,RS1_26,2mMH2O2,yH897
Rep1-0Pi-H2O2,d020724-120min-RS1-R1,120min,H5,3184,4583,5724,2711.58,54.24,50,RS1_26,0Pi,yH898
Rep1-0Pi-H2O2,d020724-120min-RS1-R1,120min,H7,3011,7661,10581,5656.32,64.24,61.6,RS1_26,2mMH2O2,yH898
Rep2-0Pi-H2O2,d020824-120min-RS1-R2,120min,A5,3212,12690,15109,5438.9,41.54,39.69,wt,0Pi,yH298
Rep2-0Pi-H2O2,d020824-120min-RS1-R2,120min,A6,3087,2897,4272,1701.89,53.18,50.2,RS1_28,0Pi,yH899
Rep2-0Pi-H2O2,d020824-120min-RS1-R2,120min,A7,3233,40191,45454,22624.21,57.04,49.2,wt,2mMH2O2,yH298
Rep2-0Pi-H2O2,d020824-120min-RS1-R2,120min,A8,2742,6819,6325,4101.86,53.08,49.25,RS1_28,2mMH2O2,yH899
Rep2-0Pi-H2O2,d020824-120min-RS1-R2,120min,B5,3180,11446,10977,4778.37,40.04,38.56,wt,0Pi,yH299
Rep2-0Pi-H2O2,d020824-120min-RS1-R2,120min,B6,3487,2624,2892,1571.28,54.5,50.46,RS1_28,0Pi,yH900
Rep2-0Pi-H2O2,d020824-120min-RS1-R2,120min,B7,2989,37057,35693,14826.78,38.1,34.44,wt,2mMH2O2,yH299
Rep2-0Pi-H2O2,d020824-120min-RS1-R2,120min,B8,3389,7316,8688,3860.07,48.73,44.36,RS1_28,2mMH2O2,yH900
Rep2-0Pi-H2O2,d020824-120min-RS1-R2,120min,C5,2948,4916,6423,2742.06,51.48,48,RS1_24,0Pi,yH893
Rep2-0Pi-H2O2,d020824-120min-RS1-R2,120min,C6,2932,2719,3582,1670.93,55.85,50.58,RS1_28,0Pi,yH901
Rep2-0Pi-H2O2,d020824-120min-RS1-R2,120min,C7,3086,13659,14501,7619.38,52.17,46.66,RS1_24,2mMH2O2,yH893
Rep2-0Pi-H2O2,d020824-120min-RS1-R2,120min,C8,2626,7733,7364,4115.7,49.21,45.7,RS1_28,2mMH2O2,yH901
Rep2-0Pi-H2O2,d020824-120min-RS1-R2,120min,D5,3299,5632,7852,3145.73,51.74,49.78,RS1_24,0Pi,yH894
Rep2-0Pi-H2O2,d020824-120min-RS1-R2,120min,D6,3801,1037,897,848.44,69.46,53.33,RS1_210,0Pi,yH902
Rep2-0Pi-H2O2,d020824-120min-RS1-R2,120min,D7,3058,21019,26828,9673.21,43.56,38.16,RS1_24,2mMH2O2,yH894
Rep2-0Pi-H2O2,d020824-120min-RS1-R2,120min,D8,2929,1795,1164,2059.8,86.16,76.9,RS1_210,2mMH2O2,yH902
Rep2-0Pi-H2O2,d020824-120min-RS1-R2,120min,E5,3205,5773,7471,3050.23,48.73,46.36,RS1_24,0Pi,yH895
Rep2-0Pi-H2O2,d020824-120min-RS1-R2,120min,E6,3117,1230,1178,857.72,61.77,49.78,RS1_210,0Pi,yH903
Rep2-0Pi-H2O2,d020824-120min-RS1-R2,120min,E7,2884,20549,20394,9465.33,43.48,38.8,RS1_24,2mMH2O2,yH895
Rep2-0Pi-H2O2,d020824-120min-RS1-R2,120min,E8,2426,3357,5737,2860.12,71.76,74.27,RS1_210,2mMH2O2,yH903
Rep2-0Pi-H2O2,d020824-120min-RS1-R2,120min,F5,2968,5985,7241,3126.98,49.67,49.94,RS1_26,0Pi,yH896
Rep2-0Pi-H2O2,d020824-120min-RS1-R2,120min,F6,2850,1215,1070,909.63,65.18,50.76,RS1_210,0Pi,yH904
Rep2-0Pi-H2O2,d020824-120min-RS1-R2,120min,F7,2549,18134,18306,9544.26,50.54,43.58,RS1_26,2mMH2O2,yH896
Rep2-0Pi-H2O2,d020824-120min-RS1-R2,120min,F8,2625,2853,4416,2503.54,73.48,70.57,RS1_210,2mMH2O2,yH904
Rep2-0Pi-H2O2,d020824-120min-RS1-R2,120min,G5,3014,5708,6408,2885.4,47.92,46.85,RS1_26,0Pi,yH897
Rep2-0Pi-H2O2,d020824-120min-RS1-R2,120min,G7,3022,15325,63,11272.25,76.4,77.36,RS1_26,2mMH2O2,yH897
Rep2-0Pi-H2O2,d020824-120min-RS1-R2,120min,H5,2820,6123,7012,3275.84,51.51,48.58,RS1_26,0Pi,yH898
Rep2-0Pi-H2O2,d020824-120min-RS1-R2,120min,H7,3241,13711,19565,8401.53,58.81,53.4,RS1_26,2mMH2O2,yH898
Rep3-0Pi-Ctrl,d021024-120min-RS1-R3,120min,A5,3281,11067,10978,4821.3,41.71,42.11,wt,0Pi,yH298
Rep3-0Pi-Ctrl,d021024-120min-RS1-R3,120min,A6,2927,2658,3049,1558.49,53.25,48.81,RS1_28,0Pi,yH899
Rep3-0Pi-Ctrl,d021024-120min-RS1-R3,120min,A7,3698,3340,3717,1683.1,45.98,41.49,wt,Ctrl,yH298
Rep3-0Pi-Ctrl,d021024-120min-RS1-R3,120min,A8,3430,1561,1258,973.48,54.37,45.07,RS1_28,Ctrl,yH899
Rep3-0Pi-Ctrl,d021024-120min-RS1-R3,120min,B5,3098,10612,12802,4535.05,40.87,39.51,wt,0Pi,yH299
Rep3-0Pi-Ctrl,d021024-120min-RS1-R3,120min,B6,3106,2705,3751,1563.01,52.74,49.47,RS1_28,0Pi,yH900
Rep3-0Pi-Ctrl,d021024-120min-RS1-R3,120min,B7,3772,3356,4024,1767.77,47.46,41.67,wt,Ctrl,yH299
Rep3-0Pi-Ctrl,d021024-120min-RS1-R3,120min,B8,3716,1505,1354,902.68,53.22,46.35,RS1_28,Ctrl,yH900
Rep3-0Pi-Ctrl,d021024-120min-RS1-R3,120min,C5,3169,5442,6319,2883.33,49.15,45.47,RS1_24,0Pi,yH893
Rep3-0Pi-Ctrl,d021024-120min-RS1-R3,120min,C6,3052,2720,3546,1557.59,52.37,50.01,RS1_28,0Pi,yH901
Rep3-0Pi-Ctrl,d021024-120min-RS1-R3,120min,C7,3278,2956,3121,2057.3,59.83,52.74,RS1_24,Ctrl,yH893
Rep3-0Pi-Ctrl,d021024-120min-RS1-R3,120min,C8,3250,1612,1439,974.16,53.19,45.85,RS1_28,Ctrl,yH901
Rep3-0Pi-Ctrl,d021024-120min-RS1-R3,120min,D5,3095,4238,6066,2452.67,52.74,50.52,RS1_24,0Pi,yH894
Rep3-0Pi-Ctrl,d021024-120min-RS1-R3,120min,D6,2843,1223,838,922.95,64.46,51.04,RS1_210,0Pi,yH902
Rep3-0Pi-Ctrl,d021024-120min-RS1-R3,120min,D7,3153,2370,2412,1901.25,67.81,55.99,RS1_24,Ctrl,yH894
Rep3-0Pi-Ctrl,d021024-120min-RS1-R3,120min,D8,3279,913,611,615.25,58.86,46.93,RS1_210,Ctrl,yH902
Rep3-0Pi-Ctrl,d021024-120min-RS1-R3,120min,E5,2989,5568,6518,3032.01,50.32,46.92,RS1_24,0Pi,yH895
Rep3-0Pi-Ctrl,d021024-120min-RS1-R3,120min,E6,2851,1222,898,920.54,65.64,49.14,RS1_210,0Pi,yH903
Rep3-0Pi-Ctrl,d021024-120min-RS1-R3,120min,E7,3204,3042,4327,2103.03,59.46,53.88,RS1_24,Ctrl,yH895
Rep3-0Pi-Ctrl,d021024-120min-RS1-R3,120min,E8,3137,868,621,573.38,58.11,45.95,RS1_210,Ctrl,yH903
Rep3-0Pi-Ctrl,d021024-120min-RS1-R3,120min,F5,2804,5087,6711,2855.44,51.74,50.06,RS1_26,0Pi,yH896
Rep3-0Pi-Ctrl,d021024-120min-RS1-R3,120min,F6,2824,1236,1129,925.97,64.25,49.02,RS1_210,0Pi,yH904
Rep3-0Pi-Ctrl,d021024-120min-RS1-R3,120min,F7,3084,1583,713,1497.7,77.04,56.31,RS1_26,Ctrl,yH896
Rep3-0Pi-Ctrl,d021024-120min-RS1-R3,120min,F8,3088,896,667,599.26,58.03,48.15,RS1_210,Ctrl,yH904
Rep3-0Pi-Ctrl,d021024-120min-RS1-R3,120min,G5,2884,5467,5290,2859.04,48.57,47.33,RS1_26,0Pi,yH897
Rep3-0Pi-Ctrl,d021024-120min-RS1-R3,120min,G7,3326,1760,1660,1457.46,67.67,56.5,RS1_26,Ctrl,yH897
Rep3-0Pi-Ctrl,d021024-120min-RS1-R3,120min,H5,2940,6137,7241,3091.29,47.72,45.91,RS1_26,0Pi,yH898
Rep3-0Pi-Ctrl,d021024-120min-RS1-R3,120min,H7,3300,1802,1047,1454.73,66.16,57.1,RS1_26,Ctrl,yH898
Rep4-H2O2-Ctrl,d021224-120min-RS1-R4,120min,A5,3564,34639,44497,20999.99,61.32,57.75,wt,2mMH2O2,yH298
Rep4-H2O2-Ctrl,d021224-120min-RS1-R4,120min,A6,3393,6369,6924,3653.45,52.07,48.58,RS1_28,2mMH2O2,yH899
Rep4-H2O2-Ctrl,d021224-120min-RS1-R4,120min,A7,3388,3722,5093,2002.2,49.39,45,wt,Ctrl,yH298
Rep4-H2O2-Ctrl,d021224-120min-RS1-R4,120min,A8,3207,1538,1474,963.59,55.41,46.27,RS1_28,Ctrl,yH899
Rep4-H2O2-Ctrl,d021224-120min-RS1-R4,120min,B5,2851,34160,43301,13493.75,37.72,35.95,wt,2mMH2O2,yH299
Rep4-H2O2-Ctrl,d021224-120min-RS1-R4,120min,B6,3106,6452,7365,3635.36,51.26,48.15,RS1_28,2mMH2O2,yH900
Rep4-H2O2-Ctrl,d021224-120min-RS1-R4,120min,B7,3312,3716,4278,1962.66,48.15,42.3,wt,Ctrl,yH299
Rep4-H2O2-Ctrl,d021224-120min-RS1-R4,120min,B8,3113,1570,1586,941.95,52.81,44.95,RS1_28,Ctrl,yH900
Rep4-H2O2-Ctrl,d021224-120min-RS1-R4,120min,C5,2873,21491,24488,9579.23,41.91,40.7,RS1_24,2mMH2O2,yH893
Rep4-H2O2-Ctrl,d021224-120min-RS1-R4,120min,C6,2858,7255,8260,4027.74,50.47,48.4,RS1_28,2mMH2O2,yH901
Rep4-H2O2-Ctrl,d021224-120min-RS1-R4,120min,C7,3130,3017,4188,2024.27,58.93,55.32,RS1_24,Ctrl,yH893
Rep4-H2O2-Ctrl,d021224-120min-RS1-R4,120min,C8,3203,1615,1488,947.85,51.97,45.07,RS1_28,Ctrl,yH901
Rep4-H2O2-Ctrl,d021224-120min-RS1-R4,120min,D5,2724,21354,26205,9281.35,41.41,39.99,RS1_24,2mMH2O2,yH894
Rep4-H2O2-Ctrl,d021224-120min-RS1-R4,120min,D6,3099,1732,1070,1797.56,79.57,70.19,RS1_210,2mMH2O2,yH902
Rep4-H2O2-Ctrl,d021224-120min-RS1-R4,120min,D7,3325,3217,4479,2190.68,59.07,54.01,RS1_24,Ctrl,yH894
Rep4-H2O2-Ctrl,d021224-120min-RS1-R4,120min,D8,3169,873,701,553.85,56.34,43.99,RS1_210,Ctrl,yH902
Rep4-H2O2-Ctrl,d021224-120min-RS1-R4,120min,E5,3032,20718,19983,9192.05,41.44,39.23,RS1_24,2mMH2O2,yH895
Rep4-H2O2-Ctrl,d021224-120min-RS1-R4,120min,E6,3091,2964,4136,2491.65,70.57,70.38,RS1_210,2mMH2O2,yH903
Rep4-H2O2-Ctrl,d021224-120min-RS1-R4,120min,E7,3423,2901,2499,1888.29,56.98,52.49,RS1_24,Ctrl,yH895
Rep4-H2O2-Ctrl,d021224-120min-RS1-R4,120min,E8,3684,837,713,518.6,54.75,43.4,RS1_210,Ctrl,yH903
Rep4-H2O2-Ctrl,d021224-120min-RS1-R4,120min,F5,2648,16975,17905,8862.13,48.57,45.93,RS1_26,2mMH2O2,yH896
Rep4-H2O2-Ctrl,d021224-120min-RS1-R4,120min,F6,2720,3200,3425,2618.7,70.18,69.48,RS1_210,2mMH2O2,yH904
Rep4-H2O2-Ctrl,d021224-120min-RS1-R4,120min,F7,3098,1751,1319,1433.74,67.05,58.14,RS1_26,Ctrl,yH896
Rep4-H2O2-Ctrl,d021224-120min-RS1-R4,120min,F8,3149,862,690,540.15,54.94,46.09,RS1_210,Ctrl,yH904
Rep4-H2O2-Ctrl,d021224-120min-RS1-R4,120min,G5,2707,17122,21884,8959.21,48.53,45.72,RS1_26,2mMH2O2,yH897
Rep4-H2O2-Ctrl,d021224-120min-RS1-R4,120min,G7,3202,1691,1164,1374.94,66.96,57.16,RS1_26,Ctrl,yH897
Rep4-H2O2-Ctrl,d021224-120min-RS1-R4,120min,H5,2794,15892,18680,8481.44,49.45,46.54,RS1_26,2mMH2O2,yH898
Rep4-H2O2-Ctrl,d021224-120min-RS1-R4,120min,H7,3324,1633,1489,1466.24,73.1,56.93,RS1_26,Ctrl,yH898
Rep1-0Pi-H2O2,d020724-150min-RS1-R1,150min,A9,3369,13742,12829,5490.55,38.49,36.56,wt,0Pi,yH298
Rep1-0Pi-H2O2,d020724-150min-RS1-R1,150min,A10,2997,2871,3791,1549.88,50.38,49.47,RS1_28,0Pi,yH899
Rep1-0Pi-H2O2,d020724-150min-RS1-R1,150min,A11,2998,36815,41359,22962.3,62.52,59.37,wt,2mMH2O2,yH298
Rep1-0Pi-H2O2,d020724-150min-RS1-R1,150min,A12,2919,5543,7355,3365.17,54.01,48.33,RS1_28,2mMH2O2,yH899
Rep1-0Pi-H2O2,d020724-150min-RS1-R1,150min,B9,3233,12915,14169,5081.12,38.07,36.22,wt,0Pi,yH299
Rep1-0Pi-H2O2,d020724-150min-RS1-R1,150min,B10,2908,2933,3824,1563.96,49.9,47.65,RS1_28,0Pi,yH900
Rep1-0Pi-H2O2,d020724-150min-RS1-R1,150min,B11,3015,35086,40311,15442.63,42.1,37.52,wt,2mMH2O2,yH299
Rep1-0Pi-H2O2,d020724-150min-RS1-R1,150min,B12,2805,5944,7245,3554.09,53.44,49.84,RS1_28,2mMH2O2,yH900
Rep1-0Pi-H2O2,d020724-150min-RS1-R1,150min,C9,2943,6026,7231,3183.93,48.98,46.11,RS1_24,0Pi,yH893
Rep1-0Pi-H2O2,d020724-150min-RS1-R1,150min,C10,2945,2947,3486,1570.69,49.69,49.86,RS1_28,0Pi,yH901
Rep1-0Pi-H2O2,d020724-150min-RS1-R1,150min,C11,2656,19348,17144,9383.66,45.06,39.06,RS1_24,2mMH2O2,yH893
Rep1-0Pi-H2O2,d020724-150min-RS1-R1,150min,C12,2732,5993,6698,3560.49,53.37,47.62,RS1_28,2mMH2O2,yH901
Rep1-0Pi-H2O2,d020724-150min-RS1-R1,150min,D9,3252,5467,6718,2833.61,48.42,46,RS1_24,0Pi,yH894
Rep1-0Pi-H2O2,d020724-150min-RS1-R1,150min,D10,2815,1298,943,851.66,58.48,49.34,RS1_210,0Pi,yH902
Rep1-0Pi-H2O2,d020724-150min-RS1-R1,150min,D11,2759,18307,16416,9319.57,46.95,40.66,RS1_24,2mMH2O2,yH894
Rep1-0Pi-H2O2,d020724-150min-RS1-R1,150min,D12,2611,2861,4472,2283.51,67.98,63.01,RS1_210,2mMH2O2,yH902
Rep1-0Pi-H2O2,d020724-150min-RS1-R1,150min,E9,3148,5770,7602,2865.73,47.23,46.42,RS1_24,0Pi,yH895
Rep1-0Pi-H2O2,d020724-150min-RS1-R1,150min,E10,3364,1242,1035,839.46,60.18,49.6,RS1_210,0Pi,yH903
Rep1-0Pi-H2O2,d020724-150min-RS1-R1,150min,E11,2796,19238,17858,9124.78,44.25,37.39,RS1_24,2mMH2O2,yH895
Rep1-0Pi-H2O2,d020724-150min-RS1-R1,150min,E12,2468,2844,3686,2346.03,70.58,63.45,RS1_210,2mMH2O2,yH903
Rep1-0Pi-H2O2,d020724-150min-RS1-R1,150min,F9,2712,5628,6419,3244.73,53.24,53.94,RS1_26,0Pi,yH896
Rep1-0Pi-H2O2,d020724-150min-RS1-R1,150min,F10,2994,1262,1035,780.16,55.4,46.64,RS1_210,0Pi,yH904
Rep1-0Pi-H2O2,d020724-150min-RS1-R1,150min,F11,2540,8558,8810,6594.73,66.33,57.69,RS1_26,2mMH2O2,yH896
Rep1-0Pi-H2O2,d020724-150min-RS1-R1,150min,F12,2726,2557,4636,2053.92,68.32,66.3,RS1_210,2mMH2O2,yH904
Rep1-0Pi-H2O2,d020724-150min-RS1-R1,150min,G9,3014,6074,7614,3031.18,47.2,47.5,RS1_26,0Pi,yH897
Rep1-0Pi-H2O2,d020724-150min-RS1-R1,150min,G11,2552,14252,17173,7504.95,49.57,44.63,RS1_26,2mMH2O2,yH897
Rep1-0Pi-H2O2,d020724-150min-RS1-R1,150min,H9,3135,5142,4969,3116.6,55.1,54.55,RS1_26,0Pi,yH898
Rep1-0Pi-H2O2,d020724-150min-RS1-R1,150min,H11,2787,6699,8110,5047.96,64.86,57.7,RS1_26,2mMH2O2,yH898
Rep2-0Pi-H2O2,d020824-150min-RS1-R2,150min,A9,2888,14682,14506,5854.49,38.62,35.69,wt,0Pi,yH298
Rep2-0Pi-H2O2,d020824-150min-RS1-R2,150min,A10,3000,2979,4276,1661.7,51.97,51.59,RS1_28,0Pi,yH899
Rep2-0Pi-H2O2,d020824-150min-RS1-R2,150min,A11,3427,38025,42339,18534.61,47.32,41.14,wt,2mMH2O2,yH298
Rep2-0Pi-H2O2,d020824-150min-RS1-R2,150min,A12,2600,5977,6059,3405.16,52.28,47.41,RS1_28,2mMH2O2,yH899
Rep2-0Pi-H2O2,d020824-150min-RS1-R2,150min,B9,3784,12221,11880,5262.86,41.06,38.54,wt,0Pi,yH299
Rep2-0Pi-H2O2,d020824-150min-RS1-R2,150min,B10,3513,2728,3309,1665.99,55.36,53.75,RS1_28,0Pi,yH900
Rep2-0Pi-H2O2,d020824-150min-RS1-R2,150min,B11,3198,33375,43264,14153.04,40.77,39.98,wt,2mMH2O2,yH299
Rep2-0Pi-H2O2,d020824-150min-RS1-R2,150min,B12,3227,6284,6804,3292.45,48.37,45.56,RS1_28,2mMH2O2,yH900
Rep2-0Pi-H2O2,d020824-150min-RS1-R2,150min,C9,2773,5298,7120,3010.23,52.21,50.76,RS1_24,0Pi,yH893
Rep2-0Pi-H2O2,d020824-150min-RS1-R2,150min,C10,2941,2802,3975,1620.66,53.56,52.33,RS1_28,0Pi,yH901
Rep2-0Pi-H2O2,d020824-150min-RS1-R2,150min,C11,2749,11416,14807,7004.29,54.74,46.29,RS1_24,2mMH2O2,yH893
Rep2-0Pi-H2O2,d020824-150min-RS1-R2,150min,C12,2504,6677,7969,3956.08,53.79,47.7,RS1_28,2mMH2O2,yH901
Rep2-0Pi-H2O2,d020824-150min-RS1-R2,150min,D9,3507,5577,6229,3228.31,55.07,53.67,RS1_24,0Pi,yH894
Rep2-0Pi-H2O2,d020824-150min-RS1-R2,150min,D10,3203,1164,872,895.51,66.63,54.9,RS1_210,0Pi,yH902
Rep2-0Pi-H2O2,d020824-150min-RS1-R2,150min,D11,2925,18569,22319,8503.24,42.75,37.26,RS1_24,2mMH2O2,yH894
Rep2-0Pi-H2O2,d020824-150min-RS1-R2,150min,D12,2472,1674,1281,1823.41,83.79,72.67,RS1_210,2mMH2O2,yH902
Rep2-0Pi-H2O2,d020824-150min-RS1-R2,150min,E9,3038,6327,7369,3181.15,47.3,46.23,RS1_24,0Pi,yH895
Rep2-0Pi-H2O2,d020824-150min-RS1-R2,150min,E10,2887,1278,908,846.65,59.66,51.86,RS1_210,0Pi,yH903
Rep2-0Pi-H2O2,d020824-150min-RS1-R2,150min,E11,2784,17643,17536,8814.6,46.53,38.98,RS1_24,2mMH2O2,yH895
Rep2-0Pi-H2O2,d020824-150min-RS1-R2,150min,E12,2340,2937,3823,2607.01,75.63,64.51,RS1_210,2mMH2O2,yH903
Rep2-0Pi-H2O2,d020824-150min-RS1-R2,150min,F9,2917,7005,8537,3434.91,47.32,47.26,RS1_26,0Pi,yH896
Rep2-0Pi-H2O2,d020824-150min-RS1-R2,150min,F10,2908,1229,1084,901.46,65.23,54.77,RS1_210,0Pi,yH904
Rep2-0Pi-H2O2,d020824-150min-RS1-R2,150min,F11,2424,15655,16781,8303.71,49.28,42.84,RS1_26,2mMH2O2,yH896
Rep2-0Pi-H2O2,d020824-150min-RS1-R2,150min,F12,2326,2445,2933,2063.47,70.29,64.94,RS1_210,2mMH2O2,yH904
Rep2-0Pi-H2O2,d020824-150min-RS1-R2,150min,G9,3060,6300,7121,3524.39,54.39,53.48,RS1_26,0Pi,yH897
Rep2-0Pi-H2O2,d020824-150min-RS1-R2,150min,G11,2322,15100,14481,8277.38,50.13,43.79,RS1_26,2mMH2O2,yH897
Rep2-0Pi-H2O2,d020824-150min-RS1-R2,150min,H9,2977,6343,7247,3769.92,56.23,53.46,RS1_26,0Pi,yH898
Rep2-0Pi-H2O2,d020824-150min-RS1-R2,150min,H11,2216,13722,14515,7828.58,53.07,45.54,RS1_26,2mMH2O2,yH898
Rep3-0Pi-Ctrl,d021024-150min-RS1-R3,150min,A9,3028,13716,12577,5961.88,41.91,40.21,wt,0Pi,yH298
Rep3-0Pi-Ctrl,d021024-150min-RS1-R3,150min,A10,2983,2863,3393,1697.86,54.06,47.23,RS1_28,0Pi,yH899
Rep3-0Pi-Ctrl,d021024-150min-RS1-R3,150min,A11,3448,3514,4188,1891.51,48.99,45.81,wt,Ctrl,yH298
Rep3-0Pi-Ctrl,d021024-150min-RS1-R3,150min,A12,3489,1526,1598,894.95,52.16,46.73,RS1_28,Ctrl,yH899
Rep3-0Pi-Ctrl,d021024-150min-RS1-R3,150min,B9,2924,13022,11882,5486.53,40.7,38.18,wt,0Pi,yH299
Rep3-0Pi-Ctrl,d021024-150min-RS1-R3,150min,B10,2870,2926,3432,1629.34,51.15,49.13,RS1_28,0Pi,yH900
Rep3-0Pi-Ctrl,d021024-150min-RS1-R3,150min,B11,3441,3777,4190,2046.48,50.17,45.38,wt,Ctrl,yH299
Rep3-0Pi-Ctrl,d021024-150min-RS1-R3,150min,B12,3442,1511,1317,853.74,51.02,45.44,RS1_28,Ctrl,yH900
Rep3-0Pi-Ctrl,d021024-150min-RS1-R3,150min,C9,2733,5990,5573,3123.89,48.69,45.39,RS1_24,0Pi,yH893
Rep3-0Pi-Ctrl,d021024-150min-RS1-R3,150min,C10,2844,2883,2571,1655.85,52.75,49.76,RS1_28,0Pi,yH901
Rep3-0Pi-Ctrl,d021024-150min-RS1-R3,150min,C11,3351,2648,2956,1608.09,54.71,51.29,RS1_24,Ctrl,yH893
Rep3-0Pi-Ctrl,d021024-150min-RS1-R3,150min,C12,3366,1600,1685,883.76,50.15,46.75,RS1_28,Ctrl,yH901
Rep3-0Pi-Ctrl,d021024-150min-RS1-R3,150min,D9,3247,4219,5647,2496.47,53.79,51.48,RS1_24,0Pi,yH894
Rep3-0Pi-Ctrl,d021024-150min-RS1-R3,150min,D10,3196,1168,908,875.36,63.58,51.15,RS1_210,0Pi,yH902
Rep3-0Pi-Ctrl,d021024-150min-RS1-R3,150min,D11,3333,2121,1905,1540.74,63.26,51.8,RS1_24,Ctrl,yH894
Rep3-0Pi-Ctrl,d021024-150min-RS1-R3,150min,D12,3517,902,667,539.34,53.33,46.02,RS1_210,Ctrl,yH902
Rep3-0Pi-Ctrl,d021024-150min-RS1-R3,150min,E9,2696,6063,8124,3042.17,47.42,45.75,RS1_24,0Pi,yH895
Rep3-0Pi-Ctrl,d021024-150min-RS1-R3,150min,E10,2744,1244,1129,873.19,61.78,49.66,RS1_210,0Pi,yH903
Rep3-0Pi-Ctrl,d021024-150min-RS1-R3,150min,E11,3321,2761,3098,1711.45,55.83,50.53,RS1_24,Ctrl,yH895
Rep3-0Pi-Ctrl,d021024-150min-RS1-R3,150min,E12,3288,865,782,505.37,52.42,45.59,RS1_210,Ctrl,yH903
Rep3-0Pi-Ctrl,d021024-150min-RS1-R3,150min,F9,2630,5975,6827,3393.12,52.07,51.49,RS1_26,0Pi,yH896
Rep3-0Pi-Ctrl,d021024-150min-RS1-R3,150min,F10,2713,1266,1165,988.34,67.77,49.07,RS1_210,0Pi,yH904
Rep3-0Pi-Ctrl,d021024-150min-RS1-R3,150min,F11,3182,1457,919,1393.86,79.91,55.05,RS1_26,Ctrl,yH896
Rep3-0Pi-Ctrl,d021024-150min-RS1-R3,150min,F12,3171,887,852,539.49,54.37,46.3,RS1_210,Ctrl,yH904
Rep3-0Pi-Ctrl,d021024-150min-RS1-R3,150min,G9,2831,6475,6602,3244.3,47.69,45.52,RS1_26,0Pi,yH897
Rep3-0Pi-Ctrl,d021024-150min-RS1-R3,150min,G11,3531,1611,1355,1138.38,60.61,55.59,RS1_26,Ctrl,yH897
Rep3-0Pi-Ctrl,d021024-150min-RS1-R3,150min,H9,2849,7032,9332,3403.88,45.99,45.67,RS1_26,0Pi,yH898
Rep3-0Pi-Ctrl,d021024-150min-RS1-R3,150min,H11,3423,1689,1164,1182.3,60.48,55.39,RS1_26,Ctrl,yH898
Rep4-H2O2-Ctrl,d021224-150min-RS1-R4,150min,A9,2942,34064,42297,20302.64,59.78,54.51,wt,2mMH2O2,yH298
Rep4-H2O2-Ctrl,d021224-150min-RS1-R4,150min,A10,2841,5767,6323,3401.54,53.4,47.17,RS1_28,2mMH2O2,yH899
Rep4-H2O2-Ctrl,d021224-150min-RS1-R4,150min,A11,3771,3824,4915,1931.3,46.59,43.73,wt,Ctrl,yH298
Rep4-H2O2-Ctrl,d021224-150min-RS1-R4,150min,A12,3248,1594,1012,902.9,50.88,47.03,RS1_28,Ctrl,yH899
Rep4-H2O2-Ctrl,d021224-150min-RS1-R4,150min,B9,2922,33177,35681,13617.48,39.8,35.75,wt,2mMH2O2,yH299
Rep4-H2O2-Ctrl,d021224-150min-RS1-R4,150min,B10,2783,5848,7128,3543.61,54.13,49.64,RS1_28,2mMH2O2,yH900
Rep4-H2O2-Ctrl,d021224-150min-RS1-R4,150min,B11,3532,3870,4527,1878.55,44.87,43.28,wt,Ctrl,yH299
Rep4-H2O2-Ctrl,d021224-150min-RS1-R4,150min,B12,3243,1555,1012,867.83,49.83,46.34,RS1_28,Ctrl,yH900
Rep4-H2O2-Ctrl,d021224-150min-RS1-R4,150min,C9,2668,19992,19159,8999.6,42.13,36.2,RS1_24,2mMH2O2,yH893
Rep4-H2O2-Ctrl,d021224-150min-RS1-R4,150min,C10,2588,6492,7477,3596.61,50.47,46.52,RS1_28,2mMH2O2,yH901
Rep4-H2O2-Ctrl,d021224-150min-RS1-R4,150min,C11,3365,2588,3827,1629.67,55.86,52.36,RS1_24,Ctrl,yH893
Rep4-H2O2-Ctrl,d021224-150min-RS1-R4,150min,C12,3174,1624,1501,888.94,49.69,45.71,RS1_28,Ctrl,yH901
Rep4-H2O2-Ctrl,d021224-150min-RS1-R4,150min,D9,2704,19416,20858,8877.71,42.38,38.79,RS1_24,2mMH2O2,yH894
Rep4-H2O2-Ctrl,d021224-150min-RS1-R4,150min,D10,2719,1633,1116,1708.62,81.18,66.55,RS1_210,2mMH2O2,yH902
Rep4-H2O2-Ctrl,d021224-150min-RS1-R4,150min,D11,3351,2837,3862,1725.28,54.8,51.95,RS1_24,Ctrl,yH894
Rep4-H2O2-Ctrl,d021224-150min-RS1-R4,150min,D12,3153,892,725,534.07,53.33,48.2,RS1_210,Ctrl,yH902
Rep4-H2O2-Ctrl,d021224-150min-RS1-R4,150min,E9,3016,18831,19513,8498.73,42.28,36,RS1_24,2mMH2O2,yH895
Rep4-H2O2-Ctrl,d021224-150min-RS1-R4,150min,E10,2764,2745,2844,2254.67,69.64,65.18,RS1_210,2mMH2O2,yH903
Rep4-H2O2-Ctrl,d021224-150min-RS1-R4,150min,E11,3712,2614,2683,1590.52,54.89,51.88,RS1_24,Ctrl,yH895
Rep4-H2O2-Ctrl,d021224-150min-RS1-R4,150min,E12,3725,862,586,493.49,51.49,44.89,RS1_210,Ctrl,yH903
Rep4-H2O2-Ctrl,d021224-150min-RS1-R4,150min,F9,2747,16007,16417,7806.25,45.72,42.04,RS1_26,2mMH2O2,yH896
Rep4-H2O2-Ctrl,d021224-150min-RS1-R4,150min,F10,2562,2918,4630,2407.2,70.13,62.63,RS1_210,2mMH2O2,yH904
Rep4-H2O2-Ctrl,d021224-150min-RS1-R4,150min,F11,3315,1640,1295,1149.39,60.31,54.96,RS1_26,Ctrl,yH896
Rep4-H2O2-Ctrl,d021224-150min-RS1-R4,150min,F12,3359,895,851,494.56,50.04,42.9,RS1_210,Ctrl,yH904
Rep4-H2O2-Ctrl,d021224-150min-RS1-R4,150min,G9,3046,15078,15420,7652.47,47.43,42.64,RS1_26,2mMH2O2,yH897
Rep4-H2O2-Ctrl,d021224-150min-RS1-R4,150min,G11,3601,1517,1117,1100.79,61.65,54.44,RS1_26,Ctrl,yH897
Rep4-H2O2-Ctrl,d021224-150min-RS1-R4,150min,H9,2763,13799,15141,7174.48,48.36,42.19,RS1_26,2mMH2O2,yH898
Rep4-H2O2-Ctrl,d021224-150min-RS1-R4,150min,H11,3314,1516,931,1149.06,63.45,54.91,RS1_26,Ctrl,yH898
Rep1-0Pi-H2O2,d020724-180min-RS1-R1,180min,A1,3269,15651,16786,6388.73,39.19,35.82,wt,0Pi,yH298
Rep1-0Pi-H2O2,d020724-180min-RS1-R1,180min,A2,6918,2812,3121,1545.97,51.01,50.17,RS1_28,0Pi,yH899
Rep1-0Pi-H2O2,d020724-180min-RS1-R1,180min,B1,7287,13417,13361,5634.99,40.43,36.64,wt,0Pi,yH299
Rep1-0Pi-H2O2,d020724-180min-RS1-R1,180min,B2,8360,2566,3196,1474.76,52.75,51.08,RS1_28,0Pi,yH900
Rep1-0Pi-H2O2,d020724-180min-RS1-R1,180min,C1,6655,6508,7726,3238.42,47.06,44.4,RS1_24,0Pi,yH893
Rep1-0Pi-H2O2,d020724-180min-RS1-R1,180min,C2,6389,2894,3489,1630.27,52.18,50.15,RS1_28,0Pi,yH901
Rep1-0Pi-H2O2,d020724-180min-RS1-R1,180min,D1,7017,5905,7120,2967.76,47.8,45.47,RS1_24,0Pi,yH894
Rep1-0Pi-H2O2,d020724-180min-RS1-R1,180min,D2,6940,1230,1200,817.86,58.97,47.61,RS1_210,0Pi,yH902
Rep1-0Pi-H2O2,d020724-180min-RS1-R1,180min,E1,6547,6109,6705,3052.31,47.45,44.41,RS1_24,0Pi,yH895
Rep1-0Pi-H2O2,d020724-180min-RS1-R1,180min,F1,5630,6312,11183,3610.33,53.46,52.84,RS1_26,0Pi,yH896
Rep1-0Pi-H2O2,d020724-180min-RS1-R1,180min,A3,6205,31349,39308,20437.51,63.77,54.94,wt,2mMH2O2,yH298
Rep1-0Pi-H2O2,d020724-180min-RS1-R1,180min,B3,6499,25994,23415,13841.89,47.81,40.4,wt,2mMH2O2,yH299
Rep1-0Pi-H2O2,d020724-180min-RS1-R1,180min,C3,5564,15393,16772,7944.71,47.83,38.71,RS1_24,2mMH2O2,yH893
Rep1-0Pi-H2O2,d020724-180min-RS1-R1,180min,D3,5781,14825,15757,7994.1,49.7,40.16,RS1_24,2mMH2O2,yH894
Rep1-0Pi-H2O2,d020724-180min-RS1-R1,180min,E3,5415,15743,15434,8550.5,49.56,39.62,RS1_24,2mMH2O2,yH895
Rep1-0Pi-H2O2,d020724-180min-RS1-R1,180min,F3,5754,6322,10011,5544.2,71.88,58.05,RS1_26,2mMH2O2,yH896
Rep1-0Pi-H2O2,d020724-180min-RS1-R1,180min,E2,7656,1294,933,784.88,54.93,46.06,RS1_210,0Pi,yH903
Rep1-0Pi-H2O2,d020724-180min-RS1-R1,180min,F2,6709,1265,1013,789.85,56.27,48.4,RS1_210,0Pi,yH904
Rep1-0Pi-H2O2,d020724-180min-RS1-R1,180min,G1,6679,6867,7118,3536.61,48.86,48.82,RS1_26,0Pi,yH897
Rep1-0Pi-H2O2,d020724-180min-RS1-R1,180min,G3,5292,11070,12348,6393.75,52.77,43.86,RS1_26,2mMH2O2,yH897
Rep1-0Pi-H2O2,d020724-180min-RS1-R1,180min,H1,6091,6331,7608,3570.78,52.64,52.08,RS1_26,0Pi,yH898
Rep1-0Pi-H2O2,d020724-180min-RS1-R1,180min,H3,5538,5147,6315,4193.18,68.4,57.05,RS1_26,2mMH2O2,yH898
Rep1-0Pi-H2O2,d020724-180min-RS1-R1,180min,A4,2932,4891,5803,3098.45,56.01,49.7,RS1_28,2mMH2O2,yH899
Rep1-0Pi-H2O2,d020724-180min-RS1-R1,180min,B4,2888,5122,6330,3003.81,52.88,47.33,RS1_28,2mMH2O2,yH900
Rep1-0Pi-H2O2,d020724-180min-RS1-R1,180min,C4,2899,5230,5219,3308.7,56.3,47.82,RS1_28,2mMH2O2,yH901
Rep1-0Pi-H2O2,d020724-180min-RS1-R1,180min,D4,2384,2462,3395,1864.11,65.2,57.18,RS1_210,2mMH2O2,yH902
Rep1-0Pi-H2O2,d020724-180min-RS1-R1,180min,E4,2450,2476,2952,1945.51,68.16,56.23,RS1_210,2mMH2O2,yH903
Rep1-0Pi-H2O2,d020724-180min-RS1-R1,180min,F4,2553,2363,1722,1868.34,66.45,58.98,RS1_210,2mMH2O2,yH904
Rep2-0Pi-H2O2,d020824-180min-RS1-R2,180min,A1,3116,15904,15459,6636.32,40.22,37.18,wt,0Pi,yH298
Rep2-0Pi-H2O2,d020824-180min-RS1-R2,180min,A2,6921,3164,4145,1828.44,53.73,53.23,RS1_28,0Pi,yH899
Rep2-0Pi-H2O2,d020824-180min-RS1-R2,180min,B1,7611,14859,16090,7149.38,47.75,42.73,wt,0Pi,yH299
Rep2-0Pi-H2O2,d020824-180min-RS1-R2,180min,B2,7049,2912,3649,1816,58.49,57.79,RS1_28,0Pi,yH900
Rep2-0Pi-H2O2,d020824-180min-RS1-R2,180min,C1,6800,5920,7022,3369.88,53.7,51.87,RS1_24,0Pi,yH893
Rep2-0Pi-H2O2,d020824-180min-RS1-R2,180min,C2,6600,2909,3860,1668.29,53.2,52.8,RS1_28,0Pi,yH901
Rep2-0Pi-H2O2,d020824-180min-RS1-R2,180min,D1,10273,5531,7121,3206.97,54.47,51.55,RS1_24,0Pi,yH894
Rep2-0Pi-H2O2,d020824-180min-RS1-R2,180min,D2,7158,1179,920,859.68,64.42,56.42,RS1_210,0Pi,yH902
Rep2-0Pi-H2O2,d020824-180min-RS1-R2,180min,E1,6776,6853,7730,3529.5,49.08,45.78,RS1_24,0Pi,yH895
Rep2-0Pi-H2O2,d020824-180min-RS1-R2,180min,F1,6985,8418,10384,4279.23,49.02,48.56,RS1_26,0Pi,yH896
Rep2-0Pi-H2O2,d020824-180min-RS1-R2,180min,A3,6465,33743,37361,19416.12,56.51,44.94,wt,2mMH2O2,yH298
Rep2-0Pi-H2O2,d020824-180min-RS1-R2,180min,B3,8828,25099,23384,12427.03,46.34,37.14,wt,2mMH2O2,yH299
Rep2-0Pi-H2O2,d020824-180min-RS1-R2,180min,C3,5969,8771,10563,5802.3,59.41,50.46,RS1_24,2mMH2O2,yH893
Rep2-0Pi-H2O2,d020824-180min-RS1-R2,180min,D3,6664,14337,13912,8653.59,58.89,44.2,RS1_24,2mMH2O2,yH894
Rep2-0Pi-H2O2,d020824-180min-RS1-R2,180min,E3,5745,14895,15442,7994.99,50.18,39.03,RS1_24,2mMH2O2,yH895
Rep2-0Pi-H2O2,d020824-180min-RS1-R2,180min,F3,5138,12723,12841,7261.29,53.21,42.03,RS1_26,2mMH2O2,yH896
Rep2-0Pi-H2O2,d020824-180min-RS1-R2,180min,E2,7005,1379,1130,867.99,56.88,51.18,RS1_210,0Pi,yH903
Rep2-0Pi-H2O2,d020824-180min-RS1-R2,180min,F2,6409,1355,1070,912.52,59.88,49.46,RS1_210,0Pi,yH904
Rep2-0Pi-H2O2,d020824-180min-RS1-R2,180min,G1,6909,7716,9473,4016.65,50.07,49.84,RS1_26,0Pi,yH897
Rep2-0Pi-H2O2,d020824-180min-RS1-R2,180min,G3,5445,11977,14802,7197.13,56.71,43.67,RS1_26,2mMH2O2,yH897
Rep2-0Pi-H2O2,d020824-180min-RS1-R2,180min,H1,6820,8243,9832,4548.87,53.07,51.61,RS1_26,0Pi,yH898
Rep2-0Pi-H2O2,d020824-180min-RS1-R2,180min,H3,5211,10080,13367,7446.93,74.41,65.54,RS1_26,2mMH2O2,yH898
Rep2-0Pi-H2O2,d020824-180min-RS1-R2,180min,A4,2801,5167,6055,2964.24,52.68,45.91,RS1_28,2mMH2O2,yH899
Rep2-0Pi-H2O2,d020824-180min-RS1-R2,180min,B4,2588,5230,5292,3027.84,53.09,49.17,RS1_28,2mMH2O2,yH900
Rep2-0Pi-H2O2,d020824-180min-RS1-R2,180min,C4,2620,5680,5729,3202.72,51.89,44.49,RS1_28,2mMH2O2,yH901
Rep2-0Pi-H2O2,d020824-180min-RS1-R2,180min,D4,2442,1541,1058,1671.69,84.43,66.48,RS1_210,2mMH2O2,yH902
Rep2-0Pi-H2O2,d020824-180min-RS1-R2,180min,E4,2406,2670,3398,1948.7,63.72,59.33,RS1_210,2mMH2O2,yH903
Rep2-0Pi-H2O2,d020824-180min-RS1-R2,180min,F4,2675,2275,2660,1695.03,64.28,59.56,RS1_210,2mMH2O2,yH904
Rep3-0Pi-Ctrl,d021024-180min-RS1-R3,180min,A1,3198,14550,15093,6821.17,45.56,43.57,wt,0Pi,yH298
Rep3-0Pi-Ctrl,d021024-180min-RS1-R3,180min,A2,6111,2695,3579,1550.61,52.89,50.5,RS1_28,0Pi,yH899
Rep3-0Pi-Ctrl,d021024-180min-RS1-R3,180min,B1,5926,13334,15118,6231.21,45.91,41.75,wt,0Pi,yH299
Rep3-0Pi-Ctrl,d021024-180min-RS1-R3,180min,B2,6434,2937,3582,1687.17,53.14,50.03,RS1_28,0Pi,yH900
Rep3-0Pi-Ctrl,d021024-180min-RS1-R3,180min,C1,6734,6033,8396,3063.69,48.46,45.11,RS1_24,0Pi,yH893
Rep3-0Pi-Ctrl,d021024-180min-RS1-R3,180min,C2,6532,2774,3366,1609.5,53.69,51.26,RS1_28,0Pi,yH901
Rep3-0Pi-Ctrl,d021024-180min-RS1-R3,180min,D1,9223,4179,4796,2396.92,53.04,50.7,RS1_24,0Pi,yH894
Rep3-0Pi-Ctrl,d021024-180min-RS1-R3,180min,D2,6321,1212,1083,921.01,66.28,51.87,RS1_210,0Pi,yH902
Rep3-0Pi-Ctrl,d021024-180min-RS1-R3,180min,E1,6444,5861,7365,3070.04,49.5,46.19,RS1_24,0Pi,yH895
Rep3-0Pi-Ctrl,d021024-180min-RS1-R3,180min,F1,5958,6458,6411,3531.71,51.46,51.95,RS1_26,0Pi,yH896
Rep3-0Pi-Ctrl,d021024-180min-RS1-R3,180min,A3,7963,3592,4797,2192.44,54.53,49.65,wt,Ctrl,yH298
Rep3-0Pi-Ctrl,d021024-180min-RS1-R3,180min,B3,8248,4000,4471,2282.14,51.65,46.72,wt,Ctrl,yH299
Rep3-0Pi-Ctrl,d021024-180min-RS1-R3,180min,C3,7633,2268,1536,1553,59.87,52.82,RS1_24,Ctrl,yH893
Rep3-0Pi-Ctrl,d021024-180min-RS1-R3,180min,D3,7572,1904,1686,1517.58,67.34,54.04,RS1_24,Ctrl,yH894
Rep3-0Pi-Ctrl,d021024-180min-RS1-R3,180min,E3,7500,2379,3201,1603.49,59.22,54.39,RS1_24,Ctrl,yH895
Rep3-0Pi-Ctrl,d021024-180min-RS1-R3,180min,F3,7248,1342,850,1274.1,77.93,55.57,RS1_26,Ctrl,yH896
Rep3-0Pi-Ctrl,d021024-180min-RS1-R3,180min,E2,6441,1168,1117,808.43,62.18,53.19,RS1_210,0Pi,yH903
Rep3-0Pi-Ctrl,d021024-180min-RS1-R3,180min,F2,6743,1285,1047,939.2,65.32,54.23,RS1_210,0Pi,yH904
Rep3-0Pi-Ctrl,d021024-180min-RS1-R3,180min,G1,6135,6509,6710,3385.18,49.39,46.97,RS1_26,0Pi,yH897
Rep3-0Pi-Ctrl,d021024-180min-RS1-R3,180min,G3,7416,1427,1177,1079.32,64.03,56.83,RS1_26,Ctrl,yH897
Rep3-0Pi-Ctrl,d021024-180min-RS1-R3,180min,H1,6429,7307,8527,3742.12,48.87,47.82,RS1_26,0Pi,yH898
Rep3-0Pi-Ctrl,d021024-180min-RS1-R3,180min,H3,7639,1526,1105,1130.72,63.56,55.86,RS1_26,Ctrl,yH898
Rep3-0Pi-Ctrl,d021024-180min-RS1-R3,180min,A4,3712,1524,1332,874.29,51.46,46.66,RS1_28,Ctrl,yH899
Rep3-0Pi-Ctrl,d021024-180min-RS1-R3,180min,B4,3473,1432,1177,771.19,48.84,44.83,RS1_28,Ctrl,yH900
Rep3-0Pi-Ctrl,d021024-180min-RS1-R3,180min,C4,3556,1576,1213,883.57,50.35,45.44,RS1_28,Ctrl,yH901
Rep3-0Pi-Ctrl,d021024-180min-RS1-R3,180min,D4,3603,883,735,499.63,50.87,45.17,RS1_210,Ctrl,yH902
Rep3-0Pi-Ctrl,d021024-180min-RS1-R3,180min,E4,3507,891,804,543.52,55.31,45.26,RS1_210,Ctrl,yH903
Rep3-0Pi-Ctrl,d021024-180min-RS1-R3,180min,F4,3542,895,666,499.71,50.87,47.15,RS1_210,Ctrl,yH904
Rep4-H2O2-Ctrl,d021224-180min-RS1-R4,180min,A1,2915,32360,28828,18044.03,52.37,49.19,wt,2mMH2O2,yH298
Rep4-H2O2-Ctrl,d021224-180min-RS1-R4,180min,A2,6683,4641,6142,2792.95,55.19,47.63,RS1_28,2mMH2O2,yH899
Rep4-H2O2-Ctrl,d021224-180min-RS1-R4,180min,B1,6261,26296,25665,13795.33,47.43,42.71,wt,2mMH2O2,yH299
Rep4-H2O2-Ctrl,d021224-180min-RS1-R4,180min,B2,6030,4714,5361,2997.35,57.24,47.62,RS1_28,2mMH2O2,yH900
Rep4-H2O2-Ctrl,d021224-180min-RS1-R4,180min,C1,5907,15558,17157,8332.71,48.63,38.11,RS1_24,2mMH2O2,yH893
Rep4-H2O2-Ctrl,d021224-180min-RS1-R4,180min,C2,5848,5117,5888,3215.91,57.07,50.05,RS1_28,2mMH2O2,yH901
Rep4-H2O2-Ctrl,d021224-180min-RS1-R4,180min,D1,6242,15139,14516,8086.59,48.52,39.61,RS1_24,2mMH2O2,yH894
Rep4-H2O2-Ctrl,d021224-180min-RS1-R4,180min,D2,6192,1335,760,1310.91,79.01,64.66,RS1_210,2mMH2O2,yH902
Rep4-H2O2-Ctrl,d021224-180min-RS1-R4,180min,E1,7314,14655,15435,7501.49,48.49,37.03,RS1_24,2mMH2O2,yH895
Rep4-H2O2-Ctrl,d021224-180min-RS1-R4,180min,F1,5310,11750,12838,6896.56,54.31,43.87,RS1_26,2mMH2O2,yH896
Rep4-H2O2-Ctrl,d021224-180min-RS1-R4,180min,A3,8204,4014,4793,2776.63,65.11,55.4,wt,Ctrl,yH298
Rep4-H2O2-Ctrl,d021224-180min-RS1-R4,180min,B3,7627,4120,4374,2588.2,57.33,50.24,wt,Ctrl,yH299
Rep4-H2O2-Ctrl,d021224-180min-RS1-R4,180min,C3,7473,2248,2822,1428.44,56.5,52.17,RS1_24,Ctrl,yH893
Rep4-H2O2-Ctrl,d021224-180min-RS1-R4,180min,D3,7641,2462,3549,1561.14,56.36,52.03,RS1_24,Ctrl,yH894
Rep4-H2O2-Ctrl,d021224-180min-RS1-R4,180min,E3,7788,2165,2803,1518.49,63.17,59.3,RS1_24,Ctrl,yH895
Rep4-H2O2-Ctrl,d021224-180min-RS1-R4,180min,F3,7495,1480,1083,1083.2,62.25,54.9,RS1_26,Ctrl,yH896
Rep4-H2O2-Ctrl,d021224-180min-RS1-R4,180min,E2,8511,2138,2978,1587.75,64.46,57.76,RS1_210,2mMH2O2,yH903
Rep4-H2O2-Ctrl,d021224-180min-RS1-R4,180min,F2,5450,2381,2429,1854.97,66.4,58.01,RS1_210,2mMH2O2,yH904
Rep4-H2O2-Ctrl,d021224-180min-RS1-R4,180min,G1,5268,11834,14190,6725.92,51.77,42.47,RS1_26,2mMH2O2,yH897
Rep4-H2O2-Ctrl,d021224-180min-RS1-R4,180min,G3,7669,1464,1048,1126.75,64.88,55.8,RS1_26,Ctrl,yH897
Rep4-H2O2-Ctrl,d021224-180min-RS1-R4,180min,H1,5762,11386,12354,6408.39,52.04,44.46,RS1_26,2mMH2O2,yH898
Rep4-H2O2-Ctrl,d021224-180min-RS1-R4,180min,H3,7730,1428,1013,1018.64,60.98,54.51,RS1_26,Ctrl,yH898
Rep4-H2O2-Ctrl,d021224-180min-RS1-R4,180min,A4,3953,1481,1414,815.48,49.77,44.65,RS1_28,Ctrl,yH899
Rep4-H2O2-Ctrl,d021224-180min-RS1-R4,180min,B4,3523,1479,1199,849.54,51.89,45.71,RS1_28,Ctrl,yH900
Rep4-H2O2-Ctrl,d021224-180min-RS1-R4,180min,C4,3499,1573,1319,863.77,49.63,45.81,RS1_28,Ctrl,yH901
Rep4-H2O2-Ctrl,d021224-180min-RS1-R4,180min,D4,3320,876,668,542.12,55.29,48.24,RS1_210,Ctrl,yH902
Rep4-H2O2-Ctrl,d021224-180min-RS1-R4,180min,E4,3563,880,828,480.43,49.54,45.99,RS1_210,Ctrl,yH903
Rep4-H2O2-Ctrl,d021224-180min-RS1-R4,180min,F4,3551,920,643,491.34,48.54,47.54,RS1_210,Ctrl,yH904
Rep1-0Pi-H2O2,d020724-210min-RS1-R1,210min,A5,3322,16555,16420,6713.07,39.25,37.18,wt,0Pi,yH298
Rep1-0Pi-H2O2,d020724-210min-RS1-R1,210min,A6,3049,2954,3334,1622.85,51.29,50.24,RS1_28,0Pi,yH899
Rep1-0Pi-H2O2,d020724-210min-RS1-R1,210min,A7,2829,32452,37409,16595.1,49.43,42.89,wt,2mMH2O2,yH298
Rep1-0Pi-H2O2,d020724-210min-RS1-R1,210min,A8,3252,4318,4911,2561.09,52.87,46.3,RS1_28,2mMH2O2,yH899
Rep1-0Pi-H2O2,d020724-210min-RS1-R1,210min,B5,3194,15556,15750,6881.57,43.14,41.94,wt,0Pi,yH299
Rep1-0Pi-H2O2,d020724-210min-RS1-R1,210min,B6,2939,3054,3649,1711.03,52.68,53.4,RS1_28,0Pi,yH900
Rep1-0Pi-H2O2,d020724-210min-RS1-R1,210min,B7,3150,24303,26789,12899.66,48.02,41.19,wt,2mMH2O2,yH299
Rep1-0Pi-H2O2,d020724-210min-RS1-R1,210min,B8,3016,4578,5292,2678.44,53.04,45.83,RS1_28,2mMH2O2,yH900
Rep1-0Pi-H2O2,d020724-210min-RS1-R1,210min,C5,2970,6652,8386,3481.85,49.76,48.48,RS1_24,0Pi,yH893
Rep1-0Pi-H2O2,d020724-210min-RS1-R1,210min,C6,2824,2991,5577,1770.26,54.79,53.12,RS1_28,0Pi,yH901
Rep1-0Pi-H2O2,d020724-210min-RS1-R1,210min,C7,3048,13544,13625,6662.36,45.72,40.48,RS1_24,2mMH2O2,yH893
Rep1-0Pi-H2O2,d020724-210min-RS1-R1,210min,C8,3088,4534,5434,2680.62,52.7,47.78,RS1_28,2mMH2O2,yH901
Rep1-0Pi-H2O2,d020724-210min-RS1-R1,210min,D5,3176,6349,8404,3444.4,51.02,48.54,RS1_24,0Pi,yH894
Rep1-0Pi-H2O2,d020724-210min-RS1-R1,210min,D6,2857,1336,1213,892.02,59.8,50.05,RS1_210,0Pi,yH902
Rep1-0Pi-H2O2,d020724-210min-RS1-R1,210min,D7,3160,12879,12316,6429.02,45.98,40.91,RS1_24,2mMH2O2,yH894
Rep1-0Pi-H2O2,d020724-210min-RS1-R1,210min,D8,2421,2169,1883,1502.37,60.63,54.68,RS1_210,2mMH2O2,yH902
Rep1-0Pi-H2O2,d020724-210min-RS1-R1,210min,E5,2980,6257,7243,3228.12,48.95,47.88,RS1_24,0Pi,yH895
Rep1-0Pi-H2O2,d020724-210min-RS1-R1,210min,E6,3076,1236,851,756.65,55.27,48.82,RS1_210,0Pi,yH903
Rep1-0Pi-H2O2,d020724-210min-RS1-R1,210min,E7,3090,13874,14501,6779.24,45.27,40.33,RS1_24,2mMH2O2,yH895
Rep1-0Pi-H2O2,d020724-210min-RS1-R1,210min,E8,2483,2279,2643,1661.88,63.54,54.78,RS1_210,2mMH2O2,yH903
Rep1-0Pi-H2O2,d020724-210min-RS1-R1,210min,F5,2528,6826,8664,4015.72,54.27,54.56,RS1_26,0Pi,yH896
Rep1-0Pi-H2O2,d020724-210min-RS1-R1,210min,F6,2974,1307,1330,808.29,56.12,51.41,RS1_210,0Pi,yH904
Rep1-0Pi-H2O2,d020724-210min-RS1-R1,210min,F7,2715,5723,6060,4749.27,68.65,55.41,RS1_26,2mMH2O2,yH896
Rep1-0Pi-H2O2,d020724-210min-RS1-R1,210min,F8,2575,1919,1380,1360.93,61.26,54.62,RS1_210,2mMH2O2,yH904
Rep1-0Pi-H2O2,d020724-210min-RS1-R1,210min,G5,2877,7363,10007,3877.02,50.16,50,RS1_26,0Pi,yH897
Rep1-0Pi-H2O2,d020724-210min-RS1-R1,210min,G7,2991,9644,12122,5411.36,50.86,44.26,RS1_26,2mMH2O2,yH897
Rep1-0Pi-H2O2,d020724-210min-RS1-R1,210min,H5,2782,6690,7964,3922.12,54.98,55.07,RS1_26,0Pi,yH898
Rep1-0Pi-H2O2,d020724-210min-RS1-R1,210min,H7,2771,4721,6724,3885.41,69.77,51.72,RS1_26,2mMH2O2,yH898
Rep2-0Pi-H2O2,d020824-210min-RS1-R2,210min,A5,3188,15877,17149,7395.56,46.34,40.81,wt,0Pi,yH298
Rep2-0Pi-H2O2,d020824-210min-RS1-R2,210min,A6,2838,3193,5372,1848.33,52.95,53.58,RS1_28,0Pi,yH899
Rep2-0Pi-H2O2,d020824-210min-RS1-R2,210min,A7,2956,30949,35629,14902.02,45.95,39.28,wt,2mMH2O2,yH298
Rep2-0Pi-H2O2,d020824-210min-RS1-R2,210min,A8,3070,4519,5581,2646.82,52.37,47.31,RS1_28,2mMH2O2,yH899
Rep2-0Pi-H2O2,d020824-210min-RS1-R2,210min,B5,3017,14665,16802,7769.86,52.99,47.49,wt,0Pi,yH299
Rep2-0Pi-H2O2,d020824-210min-RS1-R2,210min,B6,2987,3024,3653,1861.34,57.36,57.22,RS1_28,0Pi,yH900
Rep2-0Pi-H2O2,d020824-210min-RS1-R2,210min,B7,3598,23040,28126,12422.32,50.79,42.77,wt,2mMH2O2,yH299
Rep2-0Pi-H2O2,d020824-210min-RS1-R2,210min,B8,3386,4478,6234,2644.56,53.43,47.46,RS1_28,2mMH2O2,yH900
Rep2-0Pi-H2O2,d020824-210min-RS1-R2,210min,C5,2731,6051,7136,3308.77,51.56,50.25,RS1_24,0Pi,yH893
Rep2-0Pi-H2O2,d020824-210min-RS1-R2,210min,C6,2816,2941,3455,1697.64,53.61,53.89,RS1_28,0Pi,yH901
Rep2-0Pi-H2O2,d020824-210min-RS1-R2,210min,C7,2918,7068,7722,4931.58,62.58,51.4,RS1_24,2mMH2O2,yH893
Rep2-0Pi-H2O2,d020824-210min-RS1-R2,210min,C8,3020,4945,5223,2829.89,51.83,45.36,RS1_28,2mMH2O2,yH901
Rep2-0Pi-H2O2,d020824-210min-RS1-R2,210min,D5,3254,6493,8254,3710.98,54.75,50.68,RS1_24,0Pi,yH894
Rep2-0Pi-H2O2,d020824-210min-RS1-R2,210min,D6,3490,1107,955,808.66,64.65,54.47,RS1_210,0Pi,yH902
Rep2-0Pi-H2O2,d020824-210min-RS1-R2,210min,D7,3730,12635,12827,6248.37,47.69,39.3,RS1_24,2mMH2O2,yH894
Rep2-0Pi-H2O2,d020824-210min-RS1-R2,210min,D8,3050,1463,1246,1477.88,80.87,57.16,RS1_210,2mMH2O2,yH902
Rep2-0Pi-H2O2,d020824-210min-RS1-R2,210min,E5,3064,7137,7247,3579.98,48.34,45.93,RS1_24,0Pi,yH895
Rep2-0Pi-H2O2,d020824-210min-RS1-R2,210min,E6,2900,1332,1235,847.87,58.51,51.87,RS1_210,0Pi,yH903
Rep2-0Pi-H2O2,d020824-210min-RS1-R2,210min,E7,3212,12437,14215,6567.25,49.63,42.63,RS1_24,2mMH2O2,yH895
Rep2-0Pi-H2O2,d020824-210min-RS1-R2,210min,E8,2755,2359,3617,1591.7,59.48,54.55,RS1_210,2mMH2O2,yH903
Rep2-0Pi-H2O2,d020824-210min-RS1-R2,210min,F5,2678,8313,10592,4273.82,49.56,46.85,RS1_26,0Pi,yH896
Rep2-0Pi-H2O2,d020824-210min-RS1-R2,210min,F6,3019,1318,1377,882.07,61.92,53.77,RS1_210,0Pi,yH904
Rep2-0Pi-H2O2,d020824-210min-RS1-R2,210min,F7,2928,10876,13368,5935.52,51.04,43.76,RS1_26,2mMH2O2,yH896
Rep2-0Pi-H2O2,d020824-210min-RS1-R2,210min,F8,2786,2065,2448,1499.97,63.11,54.87,RS1_210,2mMH2O2,yH904
Rep2-0Pi-H2O2,d020824-210min-RS1-R2,210min,G5,2894,7927,8843,4258.5,51.66,53.55,RS1_26,0Pi,yH897
Rep2-0Pi-H2O2,d020824-210min-RS1-R2,210min,G7,2760,10046,12359,5576.17,52.68,43.61,RS1_26,2mMH2O2,yH897
Rep2-0Pi-H2O2,d020824-210min-RS1-R2,210min,H5,2647,8305,11621,4850.05,55.83,56.48,RS1_26,0Pi,yH898
Rep2-0Pi-H2O2,d020824-210min-RS1-R2,210min,H7,2767,9002,11196,5864.72,62.44,52.82,RS1_26,2mMH2O2,yH898
Rep3-0Pi-Ctrl,d021024-210min-RS1-R3,210min,A5,3283,14902,18271,6856.93,44.9,43.57,wt,0Pi,yH298
Rep3-0Pi-Ctrl,d021024-210min-RS1-R3,210min,A6,2737,2911,4574,1602.03,50.82,50.88,RS1_28,0Pi,yH899
Rep3-0Pi-Ctrl,d021024-210min-RS1-R3,210min,A7,3928,4212,5429,2582.32,54.83,49.48,wt,Ctrl,yH298
Rep3-0Pi-Ctrl,d021024-210min-RS1-R3,210min,A8,3978,1489,1105,850.2,50.99,45.7,RS1_28,Ctrl,yH899
Rep3-0Pi-Ctrl,d021024-210min-RS1-R3,210min,B5,3276,13857,14822,6378.58,44.13,44.97,wt,0Pi,yH299
Rep3-0Pi-Ctrl,d021024-210min-RS1-R3,210min,B6,2767,3001,3285,1808.06,55.22,54.89,RS1_28,0Pi,yH900
Rep3-0Pi-Ctrl,d021024-210min-RS1-R3,210min,B7,3830,4670,4376,2660.42,51.8,46.8,wt,Ctrl,yH299
Rep3-0Pi-Ctrl,d021024-210min-RS1-R3,210min,B8,3793,1486,1320,859.73,52.42,45.6,RS1_28,Ctrl,yH900
Rep3-0Pi-Ctrl,d021024-210min-RS1-R3,210min,C5,2809,6504,8118,3365.12,49.4,48.69,RS1_24,0Pi,yH893
Rep3-0Pi-Ctrl,d021024-210min-RS1-R3,210min,C6,2729,2866,4103,1694.83,54.34,53.75,RS1_28,0Pi,yH901
Rep3-0Pi-Ctrl,d021024-210min-RS1-R3,210min,C7,3798,2285,3053,1544.68,58.64,51.69,RS1_24,Ctrl,yH893
Rep3-0Pi-Ctrl,d021024-210min-RS1-R3,210min,C8,3754,1535,1071,902.11,52.57,46.75,RS1_28,Ctrl,yH901
Rep3-0Pi-Ctrl,d021024-210min-RS1-R3,210min,D5,2783,5475,7484,3010.88,51.84,49.72,RS1_24,0Pi,yH894
Rep3-0Pi-Ctrl,d021024-210min-RS1-R3,210min,D6,3371,1221,1035,844.31,60.95,50.88,RS1_210,0Pi,yH902
Rep3-0Pi-Ctrl,d021024-210min-RS1-R3,210min,D7,4137,1790,1762,1376.9,65.83,50.86,RS1_24,Ctrl,yH894
Rep3-0Pi-Ctrl,d021024-210min-RS1-R3,210min,D8,4130,871,714,436.58,45.93,44.03,RS1_210,Ctrl,yH902
Rep3-0Pi-Ctrl,d021024-210min-RS1-R3,210min,E5,2636,6544,7591,3257.89,47.55,47.41,RS1_24,0Pi,yH895
Rep3-0Pi-Ctrl,d021024-210min-RS1-R3,210min,E6,2599,1290,1080,898.86,62.02,51.03,RS1_210,0Pi,yH903
Rep3-0Pi-Ctrl,d021024-210min-RS1-R3,210min,E7,3711,2351,2116,1586.35,59.16,51.96,RS1_24,Ctrl,yH895
Rep3-0Pi-Ctrl,d021024-210min-RS1-R3,210min,E8,3707,874,793,486.32,50.62,45.63,RS1_210,Ctrl,yH903
Rep3-0Pi-Ctrl,d021024-210min-RS1-R3,210min,F5,2764,6996,10023,3981.39,53.88,55.79,RS1_26,0Pi,yH896
Rep3-0Pi-Ctrl,d021024-210min-RS1-R3,210min,F6,2610,1389,1378,945.76,61.19,49.63,RS1_210,0Pi,yH904
Rep3-0Pi-Ctrl,d021024-210min-RS1-R3,210min,F7,3435,1323,1001,1052.79,67.36,52.67,RS1_26,Ctrl,yH896
Rep3-0Pi-Ctrl,d021024-210min-RS1-R3,210min,F8,3706,928,690,520.82,51.04,47.61,RS1_210,Ctrl,yH904
Rep3-0Pi-Ctrl,d021024-210min-RS1-R3,210min,G5,2893,7212,9000,3745.44,49.92,51.64,RS1_26,0Pi,yH897
Rep3-0Pi-Ctrl,d021024-210min-RS1-R3,210min,G7,3754,1479,898,1028.45,60.06,50.69,RS1_26,Ctrl,yH897
Rep3-0Pi-Ctrl,d021024-210min-RS1-R3,210min,H5,2895,7929,10007,4159.06,50.3,49.03,RS1_26,0Pi,yH898
Rep3-0Pi-Ctrl,d021024-210min-RS1-R3,210min,H7,3796,1565,1164,1092.57,60.7,54.09,RS1_26,Ctrl,yH898
Rep4-H2O2-Ctrl,d021224-210min-RS1-R4,210min,A5,2845,29424,26807,16178.69,53.08,46.11,wt,2mMH2O2,yH298
Rep4-H2O2-Ctrl,d021224-210min-RS1-R4,210min,A6,2855,4381,4684,2654.82,54.74,48.26,RS1_28,2mMH2O2,yH899
Rep4-H2O2-Ctrl,d021224-210min-RS1-R4,210min,A7,3666,4575,5891,3033.17,60.78,51.49,wt,Ctrl,yH298
Rep4-H2O2-Ctrl,d021224-210min-RS1-R4,210min,A8,3889,1585,1609,974.82,55.08,46.77,RS1_28,Ctrl,yH899
Rep4-H2O2-Ctrl,d021224-210min-RS1-R4,210min,B5,2875,22538,18723,11249.7,45.15,41.24,wt,2mMH2O2,yH299
Rep4-H2O2-Ctrl,d021224-210min-RS1-R4,210min,B6,3004,4419,4572,2572.82,53.01,47.81,RS1_28,2mMH2O2,yH900
Rep4-H2O2-Ctrl,d021224-210min-RS1-R4,210min,B7,3474,4720,5027,2781.87,53.83,48.72,wt,Ctrl,yH299
Rep4-H2O2-Ctrl,d021224-210min-RS1-R4,210min,B8,3698,1537,1103,821.69,48.91,46.12,RS1_28,Ctrl,yH900
Rep4-H2O2-Ctrl,d021224-210min-RS1-R4,210min,C5,2909,13614,16074,6318.8,43.71,39.75,RS1_24,2mMH2O2,yH893
Rep4-H2O2-Ctrl,d021224-210min-RS1-R4,210min,C6,2899,4718,5725,2831.36,53.69,46.29,RS1_28,2mMH2O2,yH901
Rep4-H2O2-Ctrl,d021224-210min-RS1-R4,210min,C7,3611,2176,1687,1424.4,57.44,50.62,RS1_24,Ctrl,yH893
Rep4-H2O2-Ctrl,d021224-210min-RS1-R4,210min,C8,3618,1576,1487,885.62,50.63,46.66,RS1_28,Ctrl,yH901
Rep4-H2O2-Ctrl,d021224-210min-RS1-R4,210min,D5,2963,13436,12089,6624.34,45.51,41.61,RS1_24,2mMH2O2,yH894
Rep4-H2O2-Ctrl,d021224-210min-RS1-R4,210min,D6,2433,1426,987,1358.43,77.54,57.29,RS1_210,2mMH2O2,yH902
Rep4-H2O2-Ctrl,d021224-210min-RS1-R4,210min,D7,3598,2362,2331,1533.18,57.06,51.98,RS1_24,Ctrl,yH894
Rep4-H2O2-Ctrl,d021224-210min-RS1-R4,210min,D8,3586,885,735,604.79,61.7,47.41,RS1_210,Ctrl,yH902
Rep4-H2O2-Ctrl,d021224-210min-RS1-R4,210min,E5,2999,13419,14214,6631.09,46.69,40.14,RS1_24,2mMH2O2,yH895
Rep4-H2O2-Ctrl,d021224-210min-RS1-R4,210min,E6,3560,2040,2091,1410.63,61.17,55.02,RS1_210,2mMH2O2,yH903
Rep4-H2O2-Ctrl,d021224-210min-RS1-R4,210min,E7,3915,2108,3255,1326.77,56.55,52.05,RS1_24,Ctrl,yH895
Rep4-H2O2-Ctrl,d021224-210min-RS1-R4,210min,E8,4105,831,644,429.97,47.58,45.85,RS1_210,Ctrl,yH903
Rep4-H2O2-Ctrl,d021224-210min-RS1-R4,210min,F5,2661,11022,12584,5797.22,47.91,41.79,RS1_26,2mMH2O2,yH896
Rep4-H2O2-Ctrl,d021224-210min-RS1-R4,210min,F6,2558,2185,1791,1572.82,61.96,55.62,RS1_210,2mMH2O2,yH904
Rep4-H2O2-Ctrl,d021224-210min-RS1-R4,210min,F7,3625,1439,918,1037.03,61.22,51.82,RS1_26,Ctrl,yH896
Rep4-H2O2-Ctrl,d021224-210min-RS1-R4,210min,F8,3667,909,736,521.69,51.88,46.65,RS1_210,Ctrl,yH904
Rep4-H2O2-Ctrl,d021224-210min-RS1-R4,210min,G5,3490,10261,10789,4715.64,43.38,39.38,RS1_26,2mMH2O2,yH897
Rep4-H2O2-Ctrl,d021224-210min-RS1-R4,210min,G7,4008,1387,1012,1047.01,65.19,55.55,RS1_26,Ctrl,yH897
Rep4-H2O2-Ctrl,d021224-210min-RS1-R4,210min,H5,2955,10015,9837,5270.26,48.06,43.69,RS1_26,2mMH2O2,yH898
Rep4-H2O2-Ctrl,d021224-210min-RS1-R4,210min,H7,3633,1463,1212,975.02,57.95,51.89,RS1_26,Ctrl,yH898
Rep1-0Pi-H2O2,d020724-240min-RS1-R1,240min,A9,3416,16410,19109,6935.45,41.31,38.5,wt,0Pi,yH298
Rep1-0Pi-H2O2,d020724-240min-RS1-R1,240min,A10,3224,2792,3026,1642.27,54.88,55.07,RS1_28,0Pi,yH899
Rep1-0Pi-H2O2,d020724-240min-RS1-R1,240min,A11,2969,28289,32391,14957.46,49.65,42.16,wt,2mMH2O2,yH298
Rep1-0Pi-H2O2,d020724-240min-RS1-R1,240min,A12,3648,3766,4524,2315.05,54.03,47.5,RS1_28,2mMH2O2,yH899
Rep1-0Pi-H2O2,d020724-240min-RS1-R1,240min,B9,3637,15086,14200,6419.67,41.27,39.01,wt,0Pi,yH299
Rep1-0Pi-H2O2,d020724-240min-RS1-R1,240min,B10,3082,2947,3680,1753.78,54.71,53.53,RS1_28,0Pi,yH900
Rep1-0Pi-H2O2,d020724-240min-RS1-R1,240min,B11,3606,21230,22856,10523.48,44.76,39.95,wt,2mMH2O2,yH299
Rep1-0Pi-H2O2,d020724-240min-RS1-R1,240min,B12,3447,3843,4373,2302,54.04,48.57,RS1_28,2mMH2O2,yH900
Rep1-0Pi-H2O2,d020724-240min-RS1-R1,240min,C9,3155,6660,8697,3628.46,51.69,50.11,RS1_24,0Pi,yH893
Rep1-0Pi-H2O2,d020724-240min-RS1-R1,240min,C10,2935,3018,3905,1738.35,53.61,52.17,RS1_28,0Pi,yH901
Rep1-0Pi-H2O2,d020724-240min-RS1-R1,240min,C11,3396,11067,10996,5714.17,48.34,40.91,RS1_24,2mMH2O2,yH893
Rep1-0Pi-H2O2,d020724-240min-RS1-R1,240min,C12,3478,3945,4736,2464.51,56.39,50.05,RS1_28,2mMH2O2,yH901
Rep1-0Pi-H2O2,d020724-240min-RS1-R1,240min,D9,3381,5999,7244,3152.7,49.2,49.97,RS1_24,0Pi,yH894
Rep1-0Pi-H2O2,d020724-240min-RS1-R1,240min,D10,3067,1233,1391,810.4,59.17,52.19,RS1_210,0Pi,yH902
Rep1-0Pi-H2O2,d020724-240min-RS1-R1,240min,D11,3376,10900,11196,5297.47,45.46,39.4,RS1_24,2mMH2O2,yH894
Rep1-0Pi-H2O2,d020724-240min-RS1-R1,240min,D12,2755,2009,2346,1369.93,60.18,52.25,RS1_210,2mMH2O2,yH902
Rep1-0Pi-H2O2,d020724-240min-RS1-R1,240min,E9,3362,6499,7350,3620.06,52.48,50.26,RS1_24,0Pi,yH895
Rep1-0Pi-H2O2,d020724-240min-RS1-R1,240min,E10,3143,1269,896,790.99,56.86,49.3,RS1_210,0Pi,yH903
Rep1-0Pi-H2O2,d020724-240min-RS1-R1,240min,E11,3295,11096,10597,5642.8,47.07,40.5,RS1_24,2mMH2O2,yH895
Rep1-0Pi-H2O2,d020724-240min-RS1-R1,240min,E12,2726,1933,2250,1364.68,61.63,54.92,RS1_210,2mMH2O2,yH903
Rep1-0Pi-H2O2,d020724-240min-RS1-R1,240min,F9,2878,7188,9478,4190.77,54.87,56.87,RS1_26,0Pi,yH896
Rep1-0Pi-H2O2,d020724-240min-RS1-R1,240min,F10,2965,1302,1499,800.23,56.83,52.15,RS1_210,0Pi,yH904
Rep1-0Pi-H2O2,d020724-240min-RS1-R1,240min,F11,2680,4728,5086,4031.13,71.82,57.75,RS1_26,2mMH2O2,yH896
Rep1-0Pi-H2O2,d020724-240min-RS1-R1,240min,F12,2682,1752,1356,1309.9,65.22,52.27,RS1_210,2mMH2O2,yH904
Rep1-0Pi-H2O2,d020724-240min-RS1-R1,240min,G9,3246,7300,7986,4024.6,52.43,51.91,RS1_26,0Pi,yH897
Rep1-0Pi-H2O2,d020724-240min-RS1-R1,240min,G11,3397,8052,7480,4533.23,52.08,45.57,RS1_26,2mMH2O2,yH897
Rep1-0Pi-H2O2,d020724-240min-RS1-R1,240min,H9,3363,7014,8527,4366.32,56.29,55.57,RS1_26,0Pi,yH898
Rep1-0Pi-H2O2,d020724-240min-RS1-R1,240min,H11,2910,3865,5226,3128.76,69.56,57.12,RS1_26,2mMH2O2,yH898
Rep2-0Pi-H2O2,d020824-240min-RS1-R2,240min,A9,3117,16367,19987,8109.13,49.95,46.24,wt,0Pi,yH298
Rep2-0Pi-H2O2,d020824-240min-RS1-R2,240min,A10,3047,3222,3717,1891.1,54.5,55.03,RS1_28,0Pi,yH899
Rep2-0Pi-H2O2,d020824-240min-RS1-R2,240min,A11,3291,26853,28735,13642.97,49.55,42.67,wt,2mMH2O2,yH298
Rep2-0Pi-H2O2,d020824-240min-RS1-R2,240min,A12,3370,4036,3979,2443.1,53.24,46.81,RS1_28,2mMH2O2,yH899
Rep2-0Pi-H2O2,d020824-240min-RS1-R2,240min,B9,2944,15890,17899,8295.93,53.53,47.83,wt,0Pi,yH299
Rep2-0Pi-H2O2,d020824-240min-RS1-R2,240min,B10,3074,3073,3337,1999.07,60.03,57.93,RS1_28,0Pi,yH900
Rep2-0Pi-H2O2,d020824-240min-RS1-R2,240min,B11,3754,20823,21386,10354.79,45.57,40.65,wt,2mMH2O2,yH299
Rep2-0Pi-H2O2,d020824-240min-RS1-R2,240min,B12,3339,4088,5103,2422.89,53.12,47.15,RS1_28,2mMH2O2,yH900
Rep2-0Pi-H2O2,d020824-240min-RS1-R2,240min,C9,2741,5912,7595,3665.24,59.63,57.18,RS1_24,0Pi,yH893
Rep2-0Pi-H2O2,d020824-240min-RS1-R2,240min,C10,3022,3043,4474,1781.71,54.35,53.33,RS1_28,0Pi,yH901
Rep2-0Pi-H2O2,d020824-240min-RS1-R2,240min,C11,3303,6383,9152,4013.38,56.02,49.01,RS1_24,2mMH2O2,yH893
Rep2-0Pi-H2O2,d020824-240min-RS1-R2,240min,C12,3405,4427,6615,2654.92,53.68,48.06,RS1_28,2mMH2O2,yH901
Rep2-0Pi-H2O2,d020824-240min-RS1-R2,240min,D9,3737,6026,7720,3364.68,53.3,53.19,RS1_24,0Pi,yH894
Rep2-0Pi-H2O2,d020824-240min-RS1-R2,240min,D10,3215,1178,1081,859.22,65.04,56.51,RS1_210,0Pi,yH902
Rep2-0Pi-H2O2,d020824-240min-RS1-R2,240min,D11,3354,10157,12329,6013.96,57.99,46.12,RS1_24,2mMH2O2,yH894
Rep2-0Pi-H2O2,d020824-240min-RS1-R2,240min,D12,3233,1382,1129,1210.4,74.08,55.25,RS1_210,2mMH2O2,yH902
Rep2-0Pi-H2O2,d020824-240min-RS1-R2,240min,E9,3054,6961,9481,3678.29,50.53,50.65,RS1_24,0Pi,yH895
Rep2-0Pi-H2O2,d020824-240min-RS1-R2,240min,E10,3229,1306,1012,826.77,58.22,54.26,RS1_210,0Pi,yH903
Rep2-0Pi-H2O2,d020824-240min-RS1-R2,240min,E11,3431,10435,12353,5414.16,47.38,41.26,RS1_24,2mMH2O2,yH895
Rep2-0Pi-H2O2,d020824-240min-RS1-R2,240min,E12,3264,2035,1293,1302.76,56.75,53.38,RS1_210,2mMH2O2,yH903
Rep2-0Pi-H2O2,d020824-240min-RS1-R2,240min,F9,2891,8769,10581,4618.25,50.97,49.34,RS1_26,0Pi,yH896
Rep2-0Pi-H2O2,d020824-240min-RS1-R2,240min,F10,2958,1270,152,939.56,67.65,65.61,RS1_210,0Pi,yH904
Rep2-0Pi-H2O2,d020824-240min-RS1-R2,240min,F11,3292,9541,10769,4799.35,47.28,42.32,RS1_26,2mMH2O2,yH896
Rep2-0Pi-H2O2,d020824-240min-RS1-R2,240min,F12,3378,1778,1343,1190.19,58.62,53.37,RS1_210,2mMH2O2,yH904
Rep2-0Pi-H2O2,d020824-240min-RS1-R2,240min,G9,3153,8469,10207,4437.35,51.51,52.1,RS1_26,0Pi,yH897
Rep2-0Pi-H2O2,d020824-240min-RS1-R2,240min,G11,3165,8237,8998,5026.86,59.09,50,RS1_26,2mMH2O2,yH897
Rep2-0Pi-H2O2,d020824-240min-RS1-R2,240min,H9,2760,7967,10176,5292.79,65.26,68.77,RS1_26,0Pi,yH898
Rep2-0Pi-H2O2,d020824-240min-RS1-R2,240min,H11,3029,7863,8249,4668.26,56.2,47.38,RS1_26,2mMH2O2,yH898
Rep3-0Pi-Ctrl,d021024-240min-RS1-R3,240min,A9,3196,14997,17141,6844.07,44.45,44.01,wt,0Pi,yH298
Rep3-0Pi-Ctrl,d021024-240min-RS1-R3,240min,A10,2806,2753,2702,1640.89,55.04,54.15,RS1_28,0Pi,yH899
Rep3-0Pi-Ctrl,d021024-240min-RS1-R3,240min,A11,3764,4696,5226,3296.64,60.66,52.96,wt,Ctrl,yH298
Rep3-0Pi-Ctrl,d021024-240min-RS1-R3,240min,A12,3900,1619,1235,958.3,52.99,47.57,RS1_28,Ctrl,yH899
Rep3-0Pi-Ctrl,d021024-240min-RS1-R3,240min,B9,3154,14559,16454,6806.9,45.32,43.68,wt,0Pi,yH299
Rep3-0Pi-Ctrl,d021024-240min-RS1-R3,240min,B10,2843,2975,3754,1855.44,57.06,54.87,RS1_28,0Pi,yH900
Rep3-0Pi-Ctrl,d021024-240min-RS1-R3,240min,B11,3916,5080,6417,3179.39,55.76,49.34,wt,Ctrl,yH299
Rep3-0Pi-Ctrl,d021024-240min-RS1-R3,240min,B12,3792,1661,1647,1150.49,60.22,49.99,RS1_28,Ctrl,yH900
Rep3-0Pi-Ctrl,d021024-240min-RS1-R3,240min,C9,2980,6407,8103,3436.88,50.89,48.84,RS1_24,0Pi,yH893
Rep3-0Pi-Ctrl,d021024-240min-RS1-R3,240min,C10,3071,2653,2116,1605.59,55.01,53.2,RS1_28,0Pi,yH901
Rep3-0Pi-Ctrl,d021024-240min-RS1-R3,240min,C11,3686,2378,3146,1666.81,60.4,49.85,RS1_24,Ctrl,yH893
Rep3-0Pi-Ctrl,d021024-240min-RS1-R3,240min,C12,3645,1651,1256,1024.01,54.99,49.84,RS1_28,Ctrl,yH901
Rep3-0Pi-Ctrl,d021024-240min-RS1-R3,240min,D9,3023,5351,6413,3077,53.9,54.36,RS1_24,0Pi,yH894
Rep3-0Pi-Ctrl,d021024-240min-RS1-R3,240min,D10,3468,1161,1036,784.49,60.12,51.72,RS1_210,0Pi,yH902
Rep3-0Pi-Ctrl,d021024-240min-RS1-R3,240min,D11,4330,1732,1537,1342.73,66.11,51.1,RS1_24,Ctrl,yH894
Rep3-0Pi-Ctrl,d021024-240min-RS1-R3,240min,D12,3902,915,758,506.44,50.35,48.15,RS1_210,Ctrl,yH902
Rep3-0Pi-Ctrl,d021024-240min-RS1-R3,240min,E9,2954,5853,8817,3134.34,50.63,51.59,RS1_24,0Pi,yH895
Rep3-0Pi-Ctrl,d021024-240min-RS1-R3,240min,E10,2894,1204,1012,844.75,62.79,50.8,RS1_210,0Pi,yH903
Rep3-0Pi-Ctrl,d021024-240min-RS1-R3,240min,E11,4062,2245,2760,1541.24,60.08,51.91,RS1_24,Ctrl,yH895
Rep3-0Pi-Ctrl,d021024-240min-RS1-R3,240min,E12,3786,934,804,517.57,50.6,46.67,RS1_210,Ctrl,yH903
Rep3-0Pi-Ctrl,d021024-240min-RS1-R3,240min,F9,2758,7335,8258,4106.67,52.69,52.19,RS1_26,0Pi,yH896
Rep3-0Pi-Ctrl,d021024-240min-RS1-R3,240min,F10,2673,1289,1199,819.85,58.56,52.22,RS1_210,0Pi,yH904
Rep3-0Pi-Ctrl,d021024-240min-RS1-R3,240min,F11,3721,1392,931,1159.57,69.55,56.24,RS1_26,Ctrl,yH896
Rep3-0Pi-Ctrl,d021024-240min-RS1-R3,240min,F12,3931,967,713,537.71,50.8,47.53,RS1_210,Ctrl,yH904
Rep3-0Pi-Ctrl,d021024-240min-RS1-R3,240min,G9,3006,7142,9657,3606.53,48.45,49.01,RS1_26,0Pi,yH897
Rep3-0Pi-Ctrl,d021024-240min-RS1-R3,240min,G11,3897,1508,1305,1081.05,62.43,52.3,RS1_26,Ctrl,yH897
Rep3-0Pi-Ctrl,d021024-240min-RS1-R3,240min,H9,3411,7071,8396,3808.66,50.7,51.87,RS1_26,0Pi,yH898
Rep3-0Pi-Ctrl,d021024-240min-RS1-R3,240min,H11,3733,1618,1070,1228.28,64.71,53.51,RS1_26,Ctrl,yH898
Rep4-H2O2-Ctrl,d021224-240min-RS1-R4,240min,A9,2904,25114,26227,14060.83,54.06,45.87,wt,2mMH2O2,yH298
Rep4-H2O2-Ctrl,d021224-240min-RS1-R4,240min,A10,3348,3824,4623,2532.79,58.85,53.22,RS1_28,2mMH2O2,yH899
Rep4-H2O2-Ctrl,d021224-240min-RS1-R4,240min,A11,3656,5466,5970,3379.34,55.32,49.56,wt,Ctrl,yH298
Rep4-H2O2-Ctrl,d021224-240min-RS1-R4,240min,A12,3753,1673,1377,1052.3,55.91,47.41,RS1_28,Ctrl,yH899
Rep4-H2O2-Ctrl,d021224-240min-RS1-R4,240min,B9,3131,19912,19541,10613.17,48.98,42.63,wt,2mMH2O2,yH299
Rep4-H2O2-Ctrl,d021224-240min-RS1-R4,240min,B10,3253,3876,4688,2434.37,56.13,49.5,RS1_28,2mMH2O2,yH900
Rep4-H2O2-Ctrl,d021224-240min-RS1-R4,240min,B11,3680,5418,5973,3181.69,52.8,48.12,wt,Ctrl,yH299
Rep4-H2O2-Ctrl,d021224-240min-RS1-R4,240min,B12,3703,1633,1295,1030.93,55.93,47.85,RS1_28,Ctrl,yH900
Rep4-H2O2-Ctrl,d021224-240min-RS1-R4,240min,C9,3099,11414,11634,5384.05,44.19,40.46,RS1_24,2mMH2O2,yH893
Rep4-H2O2-Ctrl,d021224-240min-RS1-R4,240min,C10,3315,4183,5421,2471.91,53.07,47,RS1_28,2mMH2O2,yH901
Rep4-H2O2-Ctrl,d021224-240min-RS1-R4,240min,C11,3867,2176,1686,1438.33,57.81,51.71,RS1_24,Ctrl,yH893
Rep4-H2O2-Ctrl,d021224-240min-RS1-R4,240min,C12,3941,1598,1059,944.88,53.08,47.78,RS1_28,Ctrl,yH901
Rep4-H2O2-Ctrl,d021224-240min-RS1-R4,240min,D9,3310,11241,11872,5320.22,43.85,40.31,RS1_24,2mMH2O2,yH894
Rep4-H2O2-Ctrl,d021224-240min-RS1-R4,240min,D10,2754,1326,977,1109.23,70.1,55.37,RS1_210,2mMH2O2,yH902
Rep4-H2O2-Ctrl,d021224-240min-RS1-R4,240min,D11,3748,2324,2979,1569.6,58.8,50.84,RS1_24,Ctrl,yH894
Rep4-H2O2-Ctrl,d021224-240min-RS1-R4,240min,D12,3558,932,781,525.88,50.74,48.62,RS1_210,Ctrl,yH902
Rep4-H2O2-Ctrl,d021224-240min-RS1-R4,240min,E9,3245,10990,11861,5685.06,48.8,41.81,RS1_24,2mMH2O2,yH895
Rep4-H2O2-Ctrl,d021224-240min-RS1-R4,240min,E10,3189,1611,1726,1164.84,65.95,63.13,RS1_210,2mMH2O2,yH903
Rep4-H2O2-Ctrl,d021224-240min-RS1-R4,240min,E11,3851,2149,1535,1448.81,59.58,52.09,RS1_24,Ctrl,yH895
Rep4-H2O2-Ctrl,d021224-240min-RS1-R4,240min,E12,4008,890,678,502.77,51.13,46.64,RS1_210,Ctrl,yH903
Rep4-H2O2-Ctrl,d021224-240min-RS1-R4,240min,F9,3168,9207,11412,4860.89,48.52,43.14,RS1_26,2mMH2O2,yH896
Rep4-H2O2-Ctrl,d021224-240min-RS1-R4,240min,F10,2978,1912,1198,1355.7,60.81,54.64,RS1_210,2mMH2O2,yH904
Rep4-H2O2-Ctrl,d021224-240min-RS1-R4,240min,F11,3871,1494,1499,1132.64,64.28,52.99,RS1_26,Ctrl,yH896
Rep4-H2O2-Ctrl,d021224-240min-RS1-R4,240min,F12,3614,938,954,524.91,50.83,46.94,RS1_210,Ctrl,yH904
Rep4-H2O2-Ctrl,d021224-240min-RS1-R4,240min,G9,3422,8629,8991,4580.16,50.04,43.94,RS1_26,2mMH2O2,yH897
Rep4-H2O2-Ctrl,d021224-240min-RS1-R4,240min,G11,3924,1480,1295,1225.22,68.97,55.8,RS1_26,Ctrl,yH897
Rep4-H2O2-Ctrl,d021224-240min-RS1-R4,240min,H9,3617,8343,9128,4485.5,49.94,44.57,RS1_26,2mMH2O2,yH898
Rep4-H2O2-Ctrl,d021224-240min-RS1-R4,240min,H11,3808,1476,991,1089.08,63.63,53.81,RS1_26,Ctrl,yH898
